WATCHDOG: PC=0x0 SP=0x0 A=0x0 IFF1=0 n=0
WATCHDOG: PC=0x3b5 SP=0xf000 A=0x1 IFF1=0 n=10000
WATCHDOG: PC=0x28a SP=0xf090 A=0x3 IFF1=0 n=20000
WATCHDOG: PC=0x281 SP=0xf090 A=0x1c IFF1=0 n=30000
WATCHDOG: PC=0x733 SP=0xf098 A=0x0 IFF1=1 n=40000
WATCHDOG: PC=0x290 SP=0xf090 A=0xfc IFF1=0 n=50000
WATCHDOG: PC=0x286 SP=0xf090 A=0x0 IFF1=0 n=60000
WATCHDOG: PC=0x27e SP=0xf092 A=0x0 IFF1=0 n=70000
WATCHDOG: PC=0x740 SP=0xf098 A=0x7 IFF1=1 n=80000
WATCHDOG: PC=0xd22 SP=0xf080 A=0xff IFF1=1 n=90000
WATCHDOG: PC=0x282 SP=0xf090 A=0x42 IFF1=0 n=100000
WATCHDOG: PC=0x73c SP=0xf098 A=0x0 IFF1=1 n=110000
WATCHDOG: PC=0x1be SP=0xf094 A=0xf0 IFF1=0 n=120000
WATCHDOG: PC=0x292 SP=0xf092 A=0x0 IFF1=0 n=130000
WATCHDOG: PC=0x295 SP=0xf090 A=0x0 IFF1=0 n=140000
WATCHDOG: PC=0x819 SP=0xf098 A=0xaf IFF1=1 n=150000
WATCHDOG: PC=0xd1d SP=0xf080 A=0x50 IFF1=1 n=160000
WATCHDOG: PC=0x8e9 SP=0xf090 A=0x33 IFF1=1 n=170000
WATCHDOG: PC=0x7d0e SP=0xf09e A=0xff IFF1=1 n=180000
WATCHDOG: PC=0x7d0d SP=0xf09e A=0xf6 IFF1=1 n=190000
WATCHDOG: PC=0x7d10 SP=0xf09e A=0xfc IFF1=1 n=200000
WATCHDOG: PC=0x7d0e SP=0xf09e A=0xdd IFF1=1 n=210000
WATCHDOG: PC=0x7d0d SP=0xf09e A=0xdb IFF1=1 n=220000
WATCHDOG: PC=0x7d10 SP=0xf09e A=0xd9 IFF1=1 n=230000
WATCHDOG: PC=0x7d0f SP=0xf09e A=0x9f IFF1=1 n=240000
WATCHDOG: PC=0x7d0e SP=0xf09e A=0xef IFF1=1 n=250000
WATCHDOG: PC=0x7d0d SP=0xf09e A=0xae IFF1=1 n=260000
WATCHDOG: PC=0x7d10 SP=0xf09e A=0xfe IFF1=1 n=270000
WATCHDOG: PC=0x7d0f SP=0xf09e A=0xb8 IFF1=1 n=280000
WATCHDOG: PC=0x7d0e SP=0xf09e A=0xff IFF1=1 n=290000
WATCHDOG: PC=0xd57 SP=0xf086 A=0xff IFF1=1 n=300000
WATCHDOG: PC=0x7d0f SP=0xf09e A=0x95 IFF1=1 n=310000
WATCHDOG: PC=0x7d0e SP=0xf09e A=0x7f IFF1=1 n=320000
WATCHDOG: PC=0x7d0d SP=0xf09e A=0x66 IFF1=1 n=330000
WATCHDOG: PC=0x7d10 SP=0xf09e A=0xfc IFF1=1 n=340000
WATCHDOG: PC=0x7d0f SP=0xf09e A=0xae IFF1=1 n=350000
WATCHDOG: PC=0x7d0e SP=0xf09e A=0x7f IFF1=1 n=360000
WATCHDOG: PC=0x7d0d SP=0xf09e A=0x7b IFF1=1 n=370000
WATCHDOG: PC=0x7d10 SP=0xf09e A=0x39 IFF1=1 n=380000
WATCHDOG: PC=0xd1c SP=0xf086 A=0xff IFF1=1 n=390000
WATCHDOG: PC=0x7d0d SP=0xf09e A=0x3e IFF1=1 n=400000
WATCHDOG: PC=0x7d10 SP=0xf09e A=0xde IFF1=1 n=410000
WATCHDOG: PC=0x7d0f SP=0xf09e A=0xa4 IFF1=1 n=420000
WATCHDOG: PC=0x7d0e SP=0xf09e A=0x6b IFF1=1 n=430000
WATCHDOG: PC=0x7d0d SP=0xf09e A=0x31 IFF1=1 n=440000
WATCHDOG: PC=0x81a SP=0xf096 A=0x20 IFF1=1 n=450000
WATCHDOG: PC=0x288 SP=0xf08e A=0xc0 IFF1=0 n=460000
WATCHDOG: PC=0x740 SP=0xf096 A=0x17 IFF1=1 n=470000
WATCHDOG: PC=0xf380 SP=0xf090 A=0xf0 IFF1=0 n=480000
WATCHDOG: PC=0x297 SP=0xf08e A=0x1 IFF1=0 n=490000
WATCHDOG: PC=0x29b SP=0xf08e A=0x0 IFF1=0 n=500000
WATCHDOG: PC=0x286 SP=0xf08e A=0x0 IFF1=0 n=510000
WATCHDOG: PC=0x73f SP=0xf096 A=0xdf IFF1=1 n=520000
WATCHDOG: PC=0x1c1 SP=0xf092 A=0xf0 IFF1=0 n=530000
WATCHDOG: PC=0xf382 SP=0xf090 A=0xf0 IFF1=0 n=540000
WATCHDOG: PC=0x299 SP=0xf08e A=0xab IFF1=0 n=550000
WATCHDOG: PC=0x285 SP=0xf08e A=0x0 IFF1=0 n=560000
WATCHDOG: PC=0x73e SP=0xf096 A=0x88 IFF1=1 n=570000
WATCHDOG: PC=0x740 SP=0xf096 A=0x10 IFF1=1 n=580000
WATCHDOG: PC=0x8d0 SP=0xf090 A=0x0 IFF1=1 n=590000
WATCHDOG: PC=0xd7d SP=0xf08c A=0xfe IFF1=1 n=600000
WATCHDOG: PC=0xd76 SP=0xf08c A=0x1 IFF1=1 n=610000
WATCHDOG: PC=0xd85 SP=0xf08c A=0x0 IFF1=1 n=620000
WATCHDOG: PC=0xb9f SP=0xf08a A=0x0 IFF1=1 n=630000
WATCHDOG: PC=0xcfd SP=0xf074 A=0x0 IFF1=1 n=640000
WATCHDOG: PC=0xd7d SP=0xf08c A=0xfe IFF1=1 n=650000
WATCHDOG: PC=0xd88 SP=0xf092 A=0x0 IFF1=1 n=660000
WATCHDOG: PC=0xd71 SP=0xf08c A=0x0 IFF1=1 n=670000
WATCHDOG: PC=0xb9f SP=0xf08a A=0x0 IFF1=1 n=680000
WATCHDOG: PC=0xd82 SP=0xf08c A=0x7f IFF1=1 n=690000
WATCHDOG: PC=0xd6a SP=0xf092 A=0x0 IFF1=1 n=700000
WATCHDOG: PC=0xd42 SP=0xf072 A=0xff IFF1=1 n=710000
WATCHDOG: PC=0xd71 SP=0xf08c A=0x0 IFF1=1 n=720000
WATCHDOG: PC=0xd68 SP=0xf08a A=0xf0 IFF1=1 n=730000
WATCHDOG: PC=0xd6d SP=0xf08e A=0x0 IFF1=1 n=740000
WATCHDOG: PC=0xd6a SP=0xf092 A=0x0 IFF1=1 n=750000
WATCHDOG: PC=0xd79 SP=0xf08c A=0x1 IFF1=1 n=760000
WATCHDOG: PC=0xd86 SP=0xf08e A=0x0 IFF1=1 n=770000
WATCHDOG: PC=0xd1c SP=0xf078 A=0xff IFF1=1 n=780000
WATCHDOG: PC=0xd6d SP=0xf08e A=0x0 IFF1=1 n=790000
WATCHDOG: PC=0xd7e SP=0xf08c A=0xfe IFF1=1 n=800000
WATCHDOG: PC=0x10dc SP=0xf094 A=0x0 IFF1=1 n=810000
WATCHDOG: PC=0xd86 SP=0xf08e A=0x0 IFF1=1 n=820000
WATCHDOG: PC=0xba2 SP=0xf08a A=0x0 IFF1=1 n=830000
WATCHDOG: PC=0xd62 SP=0xf08a A=0x7f IFF1=1 n=840000
WATCHDOG: PC=0xc84 SP=0xf076 A=0x2 IFF1=1 n=850000
WATCHDOG: PC=0x10dc SP=0xf094 A=0x0 IFF1=1 n=860000
WATCHDOG: PC=0xd73 SP=0xf08c A=0x0 IFF1=1 n=870000
WATCHDOG: PC=0xd69 SP=0xf08a A=0x0 IFF1=1 n=880000
WATCHDOG: PC=0xd62 SP=0xf08a A=0x7f IFF1=1 n=890000
WATCHDOG: PC=0xd6b SP=0xf092 A=0x0 IFF1=1 n=900000
WATCHDOG: PC=0xd7a SP=0xf08c A=0xfe IFF1=1 n=910000
WATCHDOG: PC=0xd73 SP=0xf08c A=0x0 IFF1=1 n=920000
WATCHDOG: PC=0xd69 SP=0xf08a A=0x0 IFF1=1 n=930000
WATCHDOG: PC=0xd6e SP=0xf08c A=0x0 IFF1=1 n=940000
WATCHDOG: PC=0xd7f SP=0xf08c A=0x7f IFF1=1 n=950000
WATCHDOG: PC=0xd7a SP=0xf08c A=0xfe IFF1=1 n=960000
WATCHDOG: PC=0xd87 SP=0xf090 A=0x0 IFF1=1 n=970000
WATCHDOG: PC=0xba4 SP=0xf08a A=0x0 IFF1=1 n=980000
WATCHDOG: PC=0xd6e SP=0xf08c A=0x0 IFF1=1 n=990000
WATCHDOG: PC=0xd7f SP=0xf08c A=0x7f IFF1=1 n=1000000
WATCHDOG: PC=0x10d9 SP=0xf094 A=0x0 IFF1=1 n=1010000
WATCHDOG: PC=0xd76 SP=0xf08c A=0x1 IFF1=1 n=1020000
WATCHDOG: PC=0xba4 SP=0xf08a A=0x0 IFF1=1 n=1030000
WATCHDOG: PC=0xd65 SP=0xf08a A=0x7f IFF1=1 n=1040000
WATCHDOG: PC=0xd6c SP=0xf090 A=0x0 IFF1=1 n=1050000
WATCHDOG: PC=0x10d9 SP=0xf094 A=0x0 IFF1=1 n=1060000
WATCHDOG: PC=0xd76 SP=0xf08c A=0x1 IFF1=1 n=1070000
WATCHDOG: PC=0xd85 SP=0xf08c A=0x0 IFF1=1 n=1080000
WATCHDOG: PC=0xd59 SP=0xf074 A=0x0 IFF1=1 n=1090000
WATCHDOG: PC=0xd6c SP=0xf090 A=0x0 IFF1=1 n=1100000
WATCHDOG: PC=0xd7d SP=0xf08c A=0xfe IFF1=1 n=1110000
WATCHDOG: PC=0xd88 SP=0xf092 A=0x0 IFF1=1 n=1120000
WATCHDOG: PC=0xd85 SP=0xf08c A=0x0 IFF1=1 n=1130000
WATCHDOG: PC=0xb9f SP=0xf08a A=0x0 IFF1=1 n=1140000
WATCHDOG: PC=0xd82 SP=0xf08c A=0x7f IFF1=1 n=1150000
WATCHDOG: PC=0xd5b SP=0xf076 A=0x0 IFF1=1 n=1160000
WATCHDOG: PC=0xd88 SP=0xf092 A=0x0 IFF1=1 n=1170000
WATCHDOG: PC=0xd71 SP=0xf08c A=0x0 IFF1=1 n=1180000
WATCHDOG: PC=0xd68 SP=0xf08a A=0xf0 IFF1=1 n=1190000
WATCHDOG: PC=0xd82 SP=0xf08c A=0x7f IFF1=1 n=1200000
WATCHDOG: PC=0xd6a SP=0xf092 A=0x0 IFF1=1 n=1210000
WATCHDOG: PC=0xd79 SP=0xf08c A=0x1 IFF1=1 n=1220000
WATCHDOG: PC=0xd23 SP=0xf072 A=0xff IFF1=1 n=1230000
WATCHDOG: PC=0xd68 SP=0xf08a A=0xf0 IFF1=1 n=1240000
WATCHDOG: PC=0xd6d SP=0xf08e A=0x0 IFF1=1 n=1250000
WATCHDOG: PC=0xd7e SP=0xf08c A=0xfe IFF1=1 n=1260000
WATCHDOG: PC=0xd79 SP=0xf08c A=0x1 IFF1=1 n=1270000
WATCHDOG: PC=0xd86 SP=0xf08e A=0x0 IFF1=1 n=1280000
WATCHDOG: PC=0xba2 SP=0xf08a A=0x0 IFF1=1 n=1290000
WATCHDOG: PC=0x120f SP=0xf070 A=0xf IFF1=1 n=1300000
WATCHDOG: PC=0xd7e SP=0xf08c A=0xfe IFF1=1 n=1310000
WATCHDOG: PC=0x10dc SP=0xf094 A=0x0 IFF1=1 n=1320000
WATCHDOG: PC=0xd73 SP=0xf08c A=0x0 IFF1=1 n=1330000
WATCHDOG: PC=0xba2 SP=0xf08a A=0x0 IFF1=1 n=1340000
WATCHDOG: PC=0xd62 SP=0xf08a A=0x7f IFF1=1 n=1350000
WATCHDOG: PC=0xd6b SP=0xf092 A=0x0 IFF1=1 n=1360000
WATCHDOG: PC=0x10dc SP=0xf094 A=0x0 IFF1=1 n=1370000
WATCHDOG: PC=0xd73 SP=0xf08c A=0x0 IFF1=1 n=1380000
WATCHDOG: PC=0xd69 SP=0xf08a A=0x0 IFF1=1 n=1390000
WATCHDOG: PC=0xd6e SP=0xf08c A=0x0 IFF1=1 n=1400000
WATCHDOG: PC=0xd6b SP=0xf092 A=0x0 IFF1=1 n=1410000
WATCHDOG: PC=0xd7a SP=0xf08c A=0xfe IFF1=1 n=1420000
WATCHDOG: PC=0xd87 SP=0xf090 A=0x0 IFF1=1 n=1430000
WATCHDOG: PC=0xd69 SP=0xf08a A=0x0 IFF1=1 n=1440000
WATCHDOG: PC=0xd6e SP=0xf08c A=0x0 IFF1=1 n=1450000
WATCHDOG: PC=0xd7f SP=0xf08c A=0x7f IFF1=1 n=1460000
WATCHDOG: PC=0x10d9 SP=0xf094 A=0x0 IFF1=1 n=1470000
WATCHDOG: PC=0xd6a SP=0xf092 A=0x0 IFF1=1 n=1480000
WATCHDOG: PC=0xd73 SP=0xf08c A=0x0 IFF1=1 n=1490000
WATCHDOG: PC=0xd85 SP=0xf08c A=0x0 IFF1=1 n=1500000
WATCHDOG: PC=0xb9f SP=0xf08a A=0x0 IFF1=1 n=1510000
WATCHDOG: PC=0xba4 SP=0xf08a A=0x0 IFF1=1 n=1520000
WATCHDOG: PC=0xd68 SP=0xf08a A=0xf2 IFF1=1 n=1530000
WATCHDOG: PC=0xd43 SP=0xf076 A=0xff IFF1=1 n=1540000
WATCHDOG: PC=0xb9f SP=0xf08a A=0x0 IFF1=1 n=1550000
WATCHDOG: PC=0xd6c SP=0xf090 A=0x0 IFF1=1 n=1560000
WATCHDOG: PC=0xd7e SP=0xf08c A=0xfe IFF1=1 n=1570000
WATCHDOG: PC=0x10dc SP=0xf094 A=0x0 IFF1=1 n=1580000
WATCHDOG: PC=0xd76 SP=0xf08c A=0x1 IFF1=1 n=1590000
WATCHDOG: PC=0xd65 SP=0xf08a A=0x7f IFF1=1 n=1600000
WATCHDOG: PC=0xd1c SP=0xf072 A=0xff IFF1=1 n=1610000
WATCHDOG: PC=0xd62 SP=0xf08a A=0x7f IFF1=1 n=1620000
WATCHDOG: PC=0xd6c SP=0xf090 A=0x0 IFF1=1 n=1630000
WATCHDOG: PC=0xd7e SP=0xf08c A=0xfe IFF1=1 n=1640000
WATCHDOG: PC=0x10dc SP=0xf094 A=0x0 IFF1=1 n=1650000
WATCHDOG: PC=0xd76 SP=0xf08c A=0x1 IFF1=1 n=1660000
WATCHDOG: PC=0xd86 SP=0xf08e A=0x0 IFF1=1 n=1670000
WATCHDOG: PC=0xd56 SP=0xf074 A=0x0 IFF1=1 n=1680000
WATCHDOG: PC=0xd6e SP=0xf08c A=0x0 IFF1=1 n=1690000
WATCHDOG: PC=0xd7f SP=0xf08c A=0x7f IFF1=1 n=1700000
WATCHDOG: PC=0x10d9 SP=0xf094 A=0x0 IFF1=1 n=1710000
WATCHDOG: PC=0xd87 SP=0xf090 A=0x0 IFF1=1 n=1720000
WATCHDOG: PC=0xba4 SP=0xf08a A=0x0 IFF1=1 n=1730000
WATCHDOG: PC=0xd65 SP=0xf08a A=0x7f IFF1=1 n=1740000
WATCHDOG: PC=0xd3f SP=0xf072 A=0x0 IFF1=1 n=1750000
WATCHDOG: PC=0x10d9 SP=0xf094 A=0x0 IFF1=1 n=1760000
WATCHDOG: PC=0xd76 SP=0xf08c A=0x1 IFF1=1 n=1770000
WATCHDOG: PC=0xd85 SP=0xf08c A=0x0 IFF1=1 n=1780000
WATCHDOG: PC=0xd65 SP=0xf08a A=0x7f IFF1=1 n=1790000
WATCHDOG: PC=0xd6c SP=0xf090 A=0x0 IFF1=1 n=1800000
WATCHDOG: PC=0xd7d SP=0xf08c A=0xfe IFF1=1 n=1810000
WATCHDOG: PC=0xcab SP=0xf07a A=0xf0 IFF1=1 n=1820000
WATCHDOG: PC=0xd85 SP=0xf08c A=0x0 IFF1=1 n=1830000
WATCHDOG: PC=0xd7e SP=0xf08c A=0xfe IFF1=1 n=1840000
WATCHDOG: PC=0xd87 SP=0xf090 A=0x0 IFF1=1 n=1850000
WATCHDOG: PC=0xba4 SP=0xf08a A=0x0 IFF1=1 n=1860000
WATCHDOG: PC=0xd7d SP=0xf08c A=0xfe IFF1=1 n=1870000
WATCHDOG: PC=0x10dc SP=0xf094 A=0x0 IFF1=1 n=1880000
WATCHDOG: PC=0xc7a SP=0xf078 A=0xff IFF1=1 n=1890000
WATCHDOG: PC=0xd85 SP=0xf08c A=0x0 IFF1=1 n=1900000
WATCHDOG: PC=0xba2 SP=0xf08a A=0x0 IFF1=1 n=1910000
WATCHDOG: PC=0xd65 SP=0xf08a A=0x7f IFF1=1 n=1920000
WATCHDOG: PC=0xd6c SP=0xf090 A=0x0 IFF1=1 n=1930000
WATCHDOG: PC=0xd7d SP=0xf08c A=0xfe IFF1=1 n=1940000
WATCHDOG: PC=0xd88 SP=0xf092 A=0x0 IFF1=1 n=1950000
WATCHDOG: PC=0xc8c SP=0xf076 A=0x1 IFF1=1 n=1960000
WATCHDOG: PC=0xb9f SP=0xf08a A=0x0 IFF1=1 n=1970000
WATCHDOG: PC=0xd82 SP=0xf08c A=0x7f IFF1=1 n=1980000
WATCHDOG: PC=0xd6a SP=0xf092 A=0x0 IFF1=1 n=1990000
WATCHDOG: PC=0xd88 SP=0xf092 A=0x0 IFF1=1 n=2000000
WATCHDOG: PC=0xd71 SP=0xf08c A=0x0 IFF1=1 n=2010000
WATCHDOG: PC=0xd68 SP=0xf08a A=0xf5 IFF1=1 n=2020000
WATCHDOG: PC=0xd82 SP=0xf08c A=0x7f IFF1=1 n=2030000
WATCHDOG: PC=0xd6a SP=0xf092 A=0x0 IFF1=1 n=2040000
WATCHDOG: PC=0xd79 SP=0xf08c A=0x1 IFF1=1 n=2050000
WATCHDOG: PC=0xd86 SP=0xf08e A=0x0 IFF1=1 n=2060000
WATCHDOG: PC=0xd68 SP=0xf08a A=0xf5 IFF1=1 n=2070000
WATCHDOG: PC=0xd6d SP=0xf08e A=0x0 IFF1=1 n=2080000
WATCHDOG: PC=0xd7e SP=0xf08c A=0xfe IFF1=1 n=2090000
WATCHDOG: PC=0xd79 SP=0xf08c A=0x1 IFF1=1 n=2100000
WATCHDOG: PC=0xd86 SP=0xf08e A=0x0 IFF1=1 n=2110000
WATCHDOG: PC=0xba2 SP=0xf08a A=0x0 IFF1=1 n=2120000
WATCHDOG: PC=0xd62 SP=0xf08a A=0x7f IFF1=1 n=2130000
WATCHDOG: PC=0xd7e SP=0xf08c A=0xfe IFF1=1 n=2140000
WATCHDOG: PC=0x10dc SP=0xf094 A=0x0 IFF1=1 n=2150000
WATCHDOG: PC=0xd73 SP=0xf08c A=0x0 IFF1=1 n=2160000
WATCHDOG: PC=0xba2 SP=0xf08a A=0x0 IFF1=1 n=2170000
WATCHDOG: PC=0xd62 SP=0xf08a A=0x7f IFF1=1 n=2180000
WATCHDOG: PC=0xd6b SP=0xf092 A=0x0 IFF1=1 n=2190000
WATCHDOG: PC=0xd57 SP=0xf078 A=0xff IFF1=1 n=2200000
WATCHDOG: PC=0xd73 SP=0xf08c A=0x0 IFF1=1 n=2210000
WATCHDOG: PC=0xd69 SP=0xf08a A=0x0 IFF1=1 n=2220000
WATCHDOG: PC=0xd6e SP=0xf08c A=0x0 IFF1=1 n=2230000
WATCHDOG: PC=0xd6b SP=0xf092 A=0x0 IFF1=1 n=2240000
WATCHDOG: PC=0xd7a SP=0xf08c A=0xfe IFF1=1 n=2250000
WATCHDOG: PC=0xd87 SP=0xf090 A=0x0 IFF1=1 n=2260000
WATCHDOG: PC=0xd59 SP=0xf074 A=0x0 IFF1=1 n=2270000
WATCHDOG: PC=0xd6e SP=0xf08c A=0x0 IFF1=1 n=2280000
WATCHDOG: PC=0xd7f SP=0xf08c A=0x7f IFF1=1 n=2290000
WATCHDOG: PC=0x10d9 SP=0xf094 A=0x0 IFF1=1 n=2300000
WATCHDOG: PC=0xd87 SP=0xf090 A=0x0 IFF1=1 n=2310000
WATCHDOG: PC=0xba4 SP=0xf08a A=0x0 IFF1=1 n=2320000
WATCHDOG: PC=0xd65 SP=0xf08a A=0x7f IFF1=1 n=2330000
WATCHDOG: PC=0xd1c SP=0xf07a A=0xff IFF1=1 n=2340000
WATCHDOG: PC=0x10d9 SP=0xf094 A=0x0 IFF1=1 n=2350000
WATCHDOG: PC=0xd76 SP=0xf08c A=0x1 IFF1=1 n=2360000
WATCHDOG: PC=0xd85 SP=0xf08c A=0x0 IFF1=1 n=2370000
WATCHDOG: PC=0xd65 SP=0xf08a A=0x7f IFF1=1 n=2380000
WATCHDOG: PC=0xd6c SP=0xf090 A=0x0 IFF1=1 n=2390000
WATCHDOG: PC=0xd7d SP=0xf08c A=0xfe IFF1=1 n=2400000
WATCHDOG: PC=0x1110 SP=0xf070 A=0xe IFF1=0 n=2410000
WATCHDOG: PC=0xd85 SP=0xf08c A=0x0 IFF1=1 n=2420000
WATCHDOG: PC=0xb9f SP=0xf08a A=0x0 IFF1=1 n=2430000
WATCHDOG: PC=0xd82 SP=0xf08c A=0x7f IFF1=1 n=2440000
WATCHDOG: PC=0xd7d SP=0xf08c A=0xfe IFF1=1 n=2450000
WATCHDOG: PC=0xd88 SP=0xf092 A=0x0 IFF1=1 n=2460000
WATCHDOG: PC=0xd71 SP=0xf08c A=0x0 IFF1=1 n=2470000
WATCHDOG: PC=0xb9f SP=0xf08a A=0x0 IFF1=1 n=2480000
WATCHDOG: PC=0xd82 SP=0xf08c A=0x7f IFF1=1 n=2490000
WATCHDOG: PC=0xd6a SP=0xf092 A=0x0 IFF1=1 n=2500000
WATCHDOG: PC=0xd79 SP=0xf08c A=0x1 IFF1=1 n=2510000
WATCHDOG: PC=0xd71 SP=0xf08c A=0x0 IFF1=1 n=2520000
WATCHDOG: PC=0xd68 SP=0xf08a A=0xf5 IFF1=1 n=2530000
WATCHDOG: PC=0xd6d SP=0xf08e A=0x0 IFF1=1 n=2540000
WATCHDOG: PC=0xd6a SP=0xf092 A=0x0 IFF1=1 n=2550000
WATCHDOG: PC=0xd79 SP=0xf08c A=0x1 IFF1=1 n=2560000
WATCHDOG: PC=0xd86 SP=0xf08e A=0x0 IFF1=1 n=2570000
WATCHDOG: PC=0xba2 SP=0xf08a A=0x0 IFF1=1 n=2580000
WATCHDOG: PC=0xd6d SP=0xf08e A=0x0 IFF1=1 n=2590000
WATCHDOG: PC=0xd7e SP=0xf08c A=0xfe IFF1=1 n=2600000
WATCHDOG: PC=0x10dc SP=0xf094 A=0x0 IFF1=1 n=2610000
WATCHDOG: PC=0xd86 SP=0xf08e A=0x0 IFF1=1 n=2620000
WATCHDOG: PC=0xba2 SP=0xf08a A=0x0 IFF1=1 n=2630000
WATCHDOG: PC=0xd62 SP=0xf08a A=0x7f IFF1=1 n=2640000
WATCHDOG: PC=0xd5a SP=0xf072 A=0x0 IFF1=1 n=2650000
WATCHDOG: PC=0x10dc SP=0xf094 A=0x0 IFF1=1 n=2660000
WATCHDOG: PC=0xd73 SP=0xf08c A=0x0 IFF1=1 n=2670000
WATCHDOG: PC=0xd69 SP=0xf08a A=0x0 IFF1=1 n=2680000
WATCHDOG: PC=0xd62 SP=0xf08a A=0x7f IFF1=1 n=2690000
WATCHDOG: PC=0xd6b SP=0xf092 A=0x0 IFF1=1 n=2700000
WATCHDOG: PC=0xd7a SP=0xf08c A=0xfe IFF1=1 n=2710000
WATCHDOG: PC=0xd5b SP=0xf072 A=0x0 IFF1=1 n=2720000
WATCHDOG: PC=0xd69 SP=0xf08a A=0x0 IFF1=1 n=2730000
WATCHDOG: PC=0xd6e SP=0xf08c A=0x0 IFF1=1 n=2740000
WATCHDOG: PC=0xd7f SP=0xf08c A=0x7f IFF1=1 n=2750000
WATCHDOG: PC=0xd7a SP=0xf08c A=0xfe IFF1=1 n=2760000
WATCHDOG: PC=0xd87 SP=0xf090 A=0x0 IFF1=1 n=2770000
WATCHDOG: PC=0x10dc SP=0xf094 A=0x0 IFF1=1 n=2780000
WATCHDOG: PC=0xc48 SP=0xf07e A=0x0 IFF1=0 n=2790000
WATCHDOG: PC=0xd85 SP=0xf08c A=0x0 IFF1=1 n=2800000
WATCHDOG: PC=0xba2 SP=0xf08a A=0x0 IFF1=1 n=2810000
WATCHDOG: PC=0xd65 SP=0xf08a A=0x7f IFF1=1 n=2820000
WATCHDOG: PC=0xd6c SP=0xf090 A=0x0 IFF1=1 n=2830000
WATCHDOG: PC=0xd7e SP=0xf08c A=0xfe IFF1=1 n=2840000
WATCHDOG: PC=0xd87 SP=0xf090 A=0x0 IFF1=1 n=2850000
WATCHDOG: PC=0xc4d SP=0xf076 A=0x0 IFF1=0 n=2860000
WATCHDOG: PC=0xd6b SP=0xf092 A=0x0 IFF1=1 n=2870000
WATCHDOG: PC=0xd76 SP=0xf08c A=0x0 IFF1=1 n=2880000
WATCHDOG: PC=0xd68 SP=0xf08a A=0xf5 IFF1=1 n=2890000
WATCHDOG: PC=0xd7f SP=0xf08c A=0x7f IFF1=1 n=2900000
WATCHDOG: PC=0xd88 SP=0xf092 A=0x0 IFF1=1 n=2910000
WATCHDOG: PC=0xba2 SP=0xf08a A=0x0 IFF1=1 n=2920000
WATCHDOG: PC=0xd6c SP=0xf090 A=0x0 IFF1=1 n=2930000
WATCHDOG: PC=0xd79 SP=0xf08c A=0x0 IFF1=1 n=2940000
WATCHDOG: PC=0xd69 SP=0xf08a A=0x0 IFF1=1 n=2950000
WATCHDOG: PC=0xd60 SP=0xf074 A=0x0 IFF1=1 n=2960000
WATCHDOG: PC=0x10dc SP=0xf094 A=0x0 IFF1=1 n=2970000
WATCHDOG: PC=0xba4 SP=0xf08a A=0x0 IFF1=1 n=2980000
WATCHDOG: PC=0xd82 SP=0xf08c A=0x7f IFF1=1 n=2990000
WATCHDOG: PC=0xd7a SP=0xf08c A=0xfe IFF1=1 n=3000000
WATCHDOG: PC=0xd85 SP=0xf08c A=0x0 IFF1=1 n=3010000
WATCHDOG: PC=0xd6d SP=0xf08e A=0x0 IFF1=1 n=3020000
WATCHDOG: PC=0x1110 SP=0xf070 A=0xf IFF1=0 n=3030000
WATCHDOG: PC=0xd71 SP=0xf08c A=0x0 IFF1=1 n=3040000
WATCHDOG: PC=0xd62 SP=0xf08a A=0x7f IFF1=1 n=3050000
WATCHDOG: PC=0x10d9 SP=0xf094 A=0x0 IFF1=1 n=3060000
WATCHDOG: PC=0xd86 SP=0xf08e A=0x0 IFF1=1 n=3070000
WATCHDOG: PC=0xd6e SP=0xf08c A=0x0 IFF1=1 n=3080000
WATCHDOG: PC=0xd7d SP=0xf08c A=0xfe IFF1=1 n=3090000
WATCHDOG: PC=0xd73 SP=0xf08c A=0x0 IFF1=1 n=3100000
WATCHDOG: PC=0xd65 SP=0xf08a A=0x7f IFF1=1 n=3110000
WATCHDOG: PC=0xd6a SP=0xf092 A=0x0 IFF1=1 n=3120000
WATCHDOG: PC=0xd56 SP=0xf072 A=0x0 IFF1=1 n=3130000
WATCHDOG: PC=0xb9f SP=0xf08a A=0x0 IFF1=1 n=3140000
WATCHDOG: PC=0xd7e SP=0xf08c A=0xfe IFF1=1 n=3150000
WATCHDOG: PC=0xd87 SP=0xf090 A=0x0 IFF1=1 n=3160000
WATCHDOG: PC=0xd68 SP=0xf08a A=0xf5 IFF1=1 n=3170000
WATCHDOG: PC=0xd73 SP=0xf08c A=0x0 IFF1=1 n=3180000
WATCHDOG: PC=0xd85 SP=0xf08c A=0x0 IFF1=1 n=3190000
WATCHDOG: PC=0xd21 SP=0xf072 A=0xfd IFF1=1 n=3200000
WATCHDOG: PC=0xd62 SP=0xf08a A=0x7f IFF1=1 n=3210000
WATCHDOG: PC=0xd6c SP=0xf090 A=0x0 IFF1=1 n=3220000
WATCHDOG: PC=0xd7e SP=0xf08c A=0xfe IFF1=1 n=3230000
WATCHDOG: PC=0x10dc SP=0xf094 A=0x0 IFF1=1 n=3240000
WATCHDOG: PC=0xd76 SP=0xf08c A=0x0 IFF1=1 n=3250000
WATCHDOG: PC=0xd86 SP=0xf08e A=0x0 IFF1=1 n=3260000
WATCHDOG: PC=0xd43 SP=0xf074 A=0xfe IFF1=1 n=3270000
WATCHDOG: PC=0xd6d SP=0xf08e A=0x0 IFF1=1 n=3280000
WATCHDOG: PC=0xd7a SP=0xf08c A=0xfe IFF1=1 n=3290000
WATCHDOG: PC=0xd85 SP=0xf08c A=0x0 IFF1=1 n=3300000
WATCHDOG: PC=0xd62 SP=0xf08a A=0x7f IFF1=1 n=3310000
WATCHDOG: PC=0x10d9 SP=0xf094 A=0x0 IFF1=1 n=3320000
WATCHDOG: PC=0xd71 SP=0xf08c A=0x0 IFF1=1 n=3330000
WATCHDOG: PC=0xd6e SP=0xf08c A=0x0 IFF1=1 n=3340000
WATCHDOG: PC=0xd7d SP=0xf08c A=0xfe IFF1=1 n=3350000
WATCHDOG: PC=0xd6d SP=0xf08e A=0x0 IFF1=1 n=3360000
WATCHDOG: PC=0xd7f SP=0xf08c A=0x7f IFF1=1 n=3370000
WATCHDOG: PC=0x10d9 SP=0xf094 A=0x0 IFF1=1 n=3380000
WATCHDOG: PC=0xd79 SP=0xf08c A=0x1 IFF1=1 n=3390000
WATCHDOG: PC=0xd87 SP=0xf090 A=0x0 IFF1=1 n=3400000
WATCHDOG: PC=0xba4 SP=0xf08a A=0x0 IFF1=1 n=3410000
WATCHDOG: PC=0xd68 SP=0xf08a A=0xf6 IFF1=1 n=3420000
WATCHDOG: PC=0xd62 SP=0xf08a A=0x7f IFF1=1 n=3430000
WATCHDOG: PC=0xd6b SP=0xf092 A=0x0 IFF1=1 n=3440000
WATCHDOG: PC=0x10dc SP=0xf094 A=0x0 IFF1=1 n=3450000
WATCHDOG: PC=0xd73 SP=0xf08c A=0x0 IFF1=1 n=3460000
WATCHDOG: PC=0xd79 SP=0xf08c A=0x0 IFF1=1 n=3470000
WATCHDOG: PC=0xd86 SP=0xf08e A=0x0 IFF1=1 n=3480000
WATCHDOG: PC=0xba4 SP=0xf08a A=0x0 IFF1=1 n=3490000
WATCHDOG: PC=0xd68 SP=0xf08a A=0xf6 IFF1=1 n=3500000
WATCHDOG: PC=0xd45 SP=0xf07a A=0xff IFF1=1 n=3510000
WATCHDOG: PC=0xd7f SP=0xf08c A=0x7f IFF1=1 n=3520000
WATCHDOG: PC=0xd6a SP=0xf092 A=0x0 IFF1=1 n=3530000
WATCHDOG: PC=0xd73 SP=0xf08c A=0x0 IFF1=1 n=3540000
WATCHDOG: PC=0xd7d SP=0xf08c A=0xfe IFF1=1 n=3550000
WATCHDOG: PC=0x10dc SP=0xf094 A=0x0 IFF1=1 n=3560000
WATCHDOG: PC=0xd76 SP=0xf08c A=0x0 IFF1=1 n=3570000
WATCHDOG: PC=0xd1c SP=0xf074 A=0xff IFF1=1 n=3580000
WATCHDOG: PC=0xba2 SP=0xf08a A=0x0 IFF1=1 n=3590000
WATCHDOG: PC=0xd65 SP=0xf08a A=0x7f IFF1=1 n=3600000
WATCHDOG: PC=0xd6d SP=0xf08e A=0x0 IFF1=1 n=3610000
WATCHDOG: PC=0xd7e SP=0xf08c A=0xfe IFF1=1 n=3620000
WATCHDOG: PC=0x10d9 SP=0xf094 A=0x0 IFF1=1 n=3630000
WATCHDOG: PC=0xd79 SP=0xf08c A=0x0 IFF1=1 n=3640000
WATCHDOG: PC=0xd45 SP=0xf072 A=0xff IFF1=1 n=3650000
WATCHDOG: PC=0xd6a SP=0xf092 A=0x0 IFF1=1 n=3660000
WATCHDOG: PC=0xd7a SP=0xf08c A=0xfe IFF1=1 n=3670000
WATCHDOG: PC=0xd88 SP=0xf092 A=0x0 IFF1=1 n=3680000
WATCHDOG: PC=0xd71 SP=0xf08c A=0x0 IFF1=1 n=3690000
WATCHDOG: PC=0xd69 SP=0xf08a A=0x0 IFF1=1 n=3700000
WATCHDOG: PC=0xb9f SP=0xf08a A=0x0 IFF1=1 n=3710000
WATCHDOG: PC=0x1229 SP=0xf072 A=0x5a IFF1=0 n=3720000
WATCHDOG: PC=0xd65 SP=0xf08a A=0x7f IFF1=1 n=3730000
WATCHDOG: PC=0xd6d SP=0xf08e A=0x0 IFF1=1 n=3740000
WATCHDOG: PC=0xd7f SP=0xf08c A=0x7f IFF1=1 n=3750000
WATCHDOG: PC=0x10d9 SP=0xf094 A=0x0 IFF1=1 n=3760000
WATCHDOG: PC=0xd79 SP=0xf08c A=0x0 IFF1=1 n=3770000
WATCHDOG: PC=0xd87 SP=0xf090 A=0x0 IFF1=1 n=3780000
WATCHDOG: PC=0xba4 SP=0xf08a A=0x0 IFF1=1 n=3790000
WATCHDOG: PC=0xd6e SP=0xf08c A=0x0 IFF1=1 n=3800000
WATCHDOG: PC=0xd85 SP=0xf08c A=0x0 IFF1=1 n=3810000
WATCHDOG: PC=0xba2 SP=0xf08a A=0x0 IFF1=1 n=3820000
WATCHDOG: PC=0xd62 SP=0xf08a A=0x7f IFF1=1 n=3830000
WATCHDOG: PC=0xd6c SP=0xf090 A=0x0 IFF1=1 n=3840000
WATCHDOG: PC=0xd7e SP=0xf08c A=0xfe IFF1=1 n=3850000
WATCHDOG: PC=0x10dc SP=0xf094 A=0x0 IFF1=1 n=3860000
WATCHDOG: PC=0xd76 SP=0xf08c A=0x0 IFF1=1 n=3870000
WATCHDOG: PC=0xd86 SP=0xf08e A=0x0 IFF1=1 n=3880000
WATCHDOG: PC=0xd08 SP=0xf07e A=0x0 IFF1=1 n=3890000
WATCHDOG: PC=0xd79 SP=0xf08c A=0x1 IFF1=1 n=3900000
WATCHDOG: PC=0xd87 SP=0xf090 A=0x0 IFF1=1 n=3910000
WATCHDOG: PC=0xb79 SP=0xf086 A=0x2e IFF1=1 n=3920000
WATCHDOG: PC=0xd73 SP=0xf08c A=0x0 IFF1=1 n=3930000
WATCHDOG: PC=0xd85 SP=0xf08c A=0x0 IFF1=1 n=3940000
WATCHDOG: PC=0xba2 SP=0xf08a A=0x0 IFF1=1 n=3950000
WATCHDOG: PC=0x121d SP=0xf074 A=0x8f IFF1=0 n=3960000
WATCHDOG: PC=0xd86 SP=0xf08e A=0x0 IFF1=1 n=3970000
WATCHDOG: PC=0xba4 SP=0xf08a A=0x0 IFF1=1 n=3980000
WATCHDOG: PC=0xd68 SP=0xf08a A=0xf9 IFF1=1 n=3990000
WATCHDOG: PC=0xd6d SP=0xf08e A=0x0 IFF1=1 n=4000000
WATCHDOG: PC=0xd7f SP=0xf08c A=0x7f IFF1=1 n=4010000
WATCHDOG: PC=0xd6a SP=0xf092 A=0x0 IFF1=1 n=4020000
WATCHDOG: PC=0xd1d SP=0xf074 A=0x54 IFF1=1 n=4030000
WATCHDOG: PC=0xd87 SP=0xf090 A=0x0 IFF1=1 n=4040000
WATCHDOG: PC=0xd71 SP=0xf08c A=0x0 IFF1=1 n=4050000
WATCHDOG: PC=0xd69 SP=0xf08a A=0x0 IFF1=1 n=4060000
WATCHDOG: PC=0xd6e SP=0xf08c A=0x0 IFF1=1 n=4070000
WATCHDOG: PC=0xd73 SP=0xf08c A=0x0 IFF1=1 n=4080000
WATCHDOG: PC=0xd85 SP=0xf08c A=0x0 IFF1=1 n=4090000
WATCHDOG: PC=0xcbe SP=0xf078 A=0x0 IFF1=1 n=4100000
WATCHDOG: PC=0xd62 SP=0xf08a A=0x7f IFF1=1 n=4110000
WATCHDOG: PC=0xd6c SP=0xf090 A=0x0 IFF1=1 n=4120000
WATCHDOG: PC=0xd7e SP=0xf08c A=0xfe IFF1=1 n=4130000
WATCHDOG: PC=0x10dc SP=0xf094 A=0x0 IFF1=1 n=4140000
WATCHDOG: PC=0xd76 SP=0xf08c A=0x0 IFF1=1 n=4150000
WATCHDOG: PC=0xd86 SP=0xf08e A=0x0 IFF1=1 n=4160000
WATCHDOG: PC=0xd45 SP=0xf074 A=0xff IFF1=1 n=4170000
WATCHDOG: PC=0xd65 SP=0xf08a A=0x7f IFF1=1 n=4180000
WATCHDOG: PC=0xd87 SP=0xf090 A=0x0 IFF1=1 n=4190000
WATCHDOG: PC=0xd71 SP=0xf08c A=0x0 IFF1=1 n=4200000
WATCHDOG: PC=0xd68 SP=0xf08a A=0xfb IFF1=1 n=4210000
WATCHDOG: PC=0xd6e SP=0xf08c A=0x0 IFF1=1 n=4220000
WATCHDOG: PC=0xd82 SP=0xf08c A=0x7f IFF1=1 n=4230000
WATCHDOG: PC=0xd1d SP=0xf076 A=0x55 IFF1=1 n=4240000
WATCHDOG: PC=0xd7a SP=0xf08c A=0xfe IFF1=1 n=4250000
WATCHDOG: PC=0xd88 SP=0xf092 A=0x0 IFF1=1 n=4260000
WATCHDOG: PC=0xd73 SP=0xf08c A=0x0 IFF1=1 n=4270000
WATCHDOG: PC=0xd69 SP=0xf08a A=0x0 IFF1=1 n=4280000
WATCHDOG: PC=0x10dc SP=0xf094 A=0x0 IFF1=1 n=4290000
WATCHDOG: PC=0xd76 SP=0xf08c A=0x0 IFF1=1 n=4300000
WATCHDOG: PC=0xcd3 SP=0xf076 A=0x0 IFF1=1 n=4310000
WATCHDOG: PC=0xba2 SP=0xf08a A=0x0 IFF1=1 n=4320000
WATCHDOG: PC=0xd65 SP=0xf08a A=0x7f IFF1=1 n=4330000
WATCHDOG: PC=0xd6d SP=0xf08e A=0x0 IFF1=1 n=4340000
WATCHDOG: PC=0xd7e SP=0xf08c A=0xfe IFF1=1 n=4350000
WATCHDOG: PC=0x10d9 SP=0xf094 A=0x0 IFF1=1 n=4360000
WATCHDOG: PC=0xd79 SP=0xf08c A=0x0 IFF1=1 n=4370000
WATCHDOG: PC=0xd3f SP=0xf074 A=0xff IFF1=1 n=4380000
WATCHDOG: PC=0xd6e SP=0xf08c A=0x0 IFF1=1 n=4390000
WATCHDOG: PC=0xd6a SP=0xf092 A=0x0 IFF1=1 n=4400000
WATCHDOG: PC=0xd7a SP=0xf08c A=0xfe IFF1=1 n=4410000
WATCHDOG: PC=0xd87 SP=0xf090 A=0x0 IFF1=1 n=4420000
WATCHDOG: PC=0xd71 SP=0xf08c A=0x0 IFF1=1 n=4430000
WATCHDOG: PC=0x10d9 SP=0xf094 A=0x0 IFF1=1 n=4440000
WATCHDOG: PC=0x1215 SP=0xf070 A=0x8f IFF1=0 n=4450000
WATCHDOG: PC=0xd86 SP=0xf08e A=0x0 IFF1=1 n=4460000
WATCHDOG: PC=0xba4 SP=0xf08a A=0x0 IFF1=1 n=4470000
WATCHDOG: PC=0xd68 SP=0xf08a A=0xfd IFF1=1 n=4480000
WATCHDOG: PC=0xd6d SP=0xf08e A=0x0 IFF1=1 n=4490000
WATCHDOG: PC=0xd7f SP=0xf08c A=0x7f IFF1=1 n=4500000
WATCHDOG: PC=0xd88 SP=0xf092 A=0x0 IFF1=1 n=4510000
WATCHDOG: PC=0x121f SP=0xf07a A=0xcf IFF1=0 n=4520000
WATCHDOG: PC=0xd6c SP=0xf090 A=0x0 IFF1=1 n=4530000
WATCHDOG: PC=0xd7d SP=0xf08c A=0xfe IFF1=1 n=4540000
WATCHDOG: PC=0x10dc SP=0xf094 A=0x0 IFF1=1 n=4550000
WATCHDOG: PC=0xd73 SP=0xf08c A=0x0 IFF1=1 n=4560000
WATCHDOG: PC=0xd6a SP=0xf092 A=0x0 IFF1=1 n=4570000
WATCHDOG: PC=0xd7a SP=0xf08c A=0xfe IFF1=1 n=4580000
WATCHDOG: PC=0xd87 SP=0xf090 A=0x0 IFF1=1 n=4590000
WATCHDOG: PC=0xd71 SP=0xf08c A=0x0 IFF1=1 n=4600000
WATCHDOG: PC=0xd69 SP=0xf08a A=0x0 IFF1=1 n=4610000
WATCHDOG: PC=0xb9f SP=0xf08a A=0x0 IFF1=1 n=4620000
WATCHDOG: PC=0xd82 SP=0xf08c A=0x7f IFF1=1 n=4630000
WATCHDOG: PC=0xd7d SP=0xf08c A=0xfe IFF1=1 n=4640000
WATCHDOG: PC=0xd6d SP=0xf08e A=0x0 IFF1=1 n=4650000
WATCHDOG: PC=0xd7e SP=0xf08c A=0xfe IFF1=1 n=4660000
WATCHDOG: PC=0x10d9 SP=0xf094 A=0x0 IFF1=1 n=4670000
WATCHDOG: PC=0xd79 SP=0xf08c A=0x0 IFF1=1 n=4680000
WATCHDOG: PC=0xd87 SP=0xf090 A=0x0 IFF1=1 n=4690000
WATCHDOG: PC=0xba4 SP=0xf08a A=0x0 IFF1=1 n=4700000
WATCHDOG: PC=0xd68 SP=0xf08a A=0xff IFF1=1 n=4710000
WATCHDOG: PC=0xd6e SP=0xf08c A=0x0 IFF1=1 n=4720000
WATCHDOG: PC=0xd7f SP=0xf08c A=0x7f IFF1=1 n=4730000
WATCHDOG: PC=0xd6a SP=0xf092 A=0x0 IFF1=1 n=4740000
WATCHDOG: PC=0xd7a SP=0xf08c A=0xfe IFF1=1 n=4750000
WATCHDOG: PC=0xd85 SP=0xf08c A=0x0 IFF1=1 n=4760000
WATCHDOG: PC=0xd62 SP=0xf08a A=0x7f IFF1=1 n=4770000
WATCHDOG: PC=0x10d9 SP=0xf094 A=0x0 IFF1=1 n=4780000
WATCHDOG: PC=0xd71 SP=0xf08c A=0x0 IFF1=1 n=4790000
WATCHDOG: PC=0xd6e SP=0xf08c A=0x0 IFF1=1 n=4800000
WATCHDOG: PC=0xd7d SP=0xf08c A=0xfe IFF1=1 n=4810000
WATCHDOG: PC=0xd86 SP=0xf08e A=0x0 IFF1=1 n=4820000
WATCHDOG: PC=0xd96 SP=0xf070 A=0x30 IFF1=1 n=4830000
WATCHDOG: PC=0xd6a SP=0xf092 A=0x0 IFF1=1 n=4840000
WATCHDOG: PC=0xd73 SP=0xf08c A=0x0 IFF1=1 n=4850000
WATCHDOG: PC=0xd65 SP=0xf08a A=0x7f IFF1=1 n=4860000
WATCHDOG: PC=0xd7e SP=0xf08c A=0xfe IFF1=1 n=4870000
WATCHDOG: PC=0xd87 SP=0xf090 A=0x0 IFF1=1 n=4880000
WATCHDOG: PC=0xb9f SP=0xf08a A=0x0 IFF1=1 n=4890000
WATCHDOG: PC=0xd21 SP=0xf074 A=0xff IFF1=1 n=4900000
WATCHDOG: PC=0xd76 SP=0xf08c A=0x0 IFF1=1 n=4910000
WATCHDOG: PC=0xd68 SP=0xf08a A=0xff IFF1=1 n=4920000
WATCHDOG: PC=0xd6b SP=0xf092 A=0x0 IFF1=1 n=4930000
WATCHDOG: PC=0xd88 SP=0xf092 A=0x0 IFF1=1 n=4940000
WATCHDOG: PC=0xba2 SP=0xf08a A=0x0 IFF1=1 n=4950000
WATCHDOG: PC=0xd7f SP=0xf08c A=0x7f IFF1=1 n=4960000
WATCHDOG: PC=0xd79 SP=0xf08c A=0x0 IFF1=1 n=4970000
WATCHDOG: PC=0xd69 SP=0xf08a A=0x0 IFF1=1 n=4980000
WATCHDOG: PC=0xd6c SP=0xf090 A=0x0 IFF1=1 n=4990000
WATCHDOG: PC=0xd9d SP=0xf068 A=0x4 IFF1=1 n=5000000
WATCHDOG: PC=0xba4 SP=0xf08a A=0x0 IFF1=1 n=5010000
WATCHDOG: PC=0xd82 SP=0xf08c A=0x7f IFF1=1 n=5020000
WATCHDOG: PC=0xbea SP=0xf090 A=0x2 IFF1=1 n=5030000
WATCHDOG: PC=0xd87 SP=0xf090 A=0x0 IFF1=1 n=5040000
WATCHDOG: PC=0xd71 SP=0xf08c A=0x0 IFF1=1 n=5050000
WATCHDOG: PC=0xd69 SP=0xf08a A=0x0 IFF1=1 n=5060000
WATCHDOG: PC=0xd59 SP=0xf074 A=0x0 IFF1=1 n=5070000
WATCHDOG: PC=0xd86 SP=0xf08e A=0x0 IFF1=1 n=5080000
WATCHDOG: PC=0xba4 SP=0xf08a A=0x0 IFF1=1 n=5090000
WATCHDOG: PC=0xd68 SP=0xf08a A=0x0 IFF1=1 n=5100000
WATCHDOG: PC=0xd6d SP=0xf08e A=0x0 IFF1=1 n=5110000
WATCHDOG: PC=0xd7f SP=0xf08c A=0x7f IFF1=1 n=5120000
WATCHDOG: PC=0xd6a SP=0xf092 A=0x0 IFF1=1 n=5130000
WATCHDOG: PC=0xd59 SP=0xf074 A=0x0 IFF1=1 n=5140000
WATCHDOG: PC=0xb9f SP=0xf08a A=0x0 IFF1=1 n=5150000
WATCHDOG: PC=0xd6b SP=0xf092 A=0x0 IFF1=1 n=5160000
WATCHDOG: PC=0xd7d SP=0xf08c A=0xfe IFF1=1 n=5170000
WATCHDOG: PC=0xd88 SP=0xf092 A=0x0 IFF1=1 n=5180000
WATCHDOG: PC=0xd73 SP=0xf08c A=0x0 IFF1=1 n=5190000
WATCHDOG: PC=0xd6a SP=0xf092 A=0x0 IFF1=1 n=5200000
WATCHDOG: PC=0xd40 SP=0xf072 A=0xff IFF1=1 n=5210000
WATCHDOG: PC=0xd87 SP=0xf090 A=0x0 IFF1=1 n=5220000
WATCHDOG: PC=0xd71 SP=0xf08c A=0x0 IFF1=1 n=5230000
WATCHDOG: PC=0xd69 SP=0xf08a A=0x0 IFF1=1 n=5240000
WATCHDOG: PC=0xd6e SP=0xf08c A=0x0 IFF1=1 n=5250000
WATCHDOG: PC=0xd82 SP=0xf08c A=0x7f IFF1=1 n=5260000
WATCHDOG: PC=0x10dc SP=0xf094 A=0x0 IFF1=1 n=5270000
WATCHDOG: PC=0xd42 SP=0xf07a A=0xff IFF1=1 n=5280000
WATCHDOG: PC=0xd6d SP=0xf08e A=0x0 IFF1=1 n=5290000
WATCHDOG: PC=0xd7a SP=0xf08c A=0xfe IFF1=1 n=5300000
WATCHDOG: PC=0xd85 SP=0xf08c A=0x0 IFF1=1 n=5310000
WATCHDOG: PC=0xd62 SP=0xf08a A=0x7f IFF1=1 n=5320000
WATCHDOG: PC=0x10d9 SP=0xf094 A=0x0 IFF1=1 n=5330000
WATCHDOG: PC=0xd71 SP=0xf08c A=0x0 IFF1=1 n=5340000
WATCHDOG: PC=0xd6e SP=0xf08c A=0x0 IFF1=1 n=5350000
WATCHDOG: PC=0xd7d SP=0xf08c A=0xfe IFF1=1 n=5360000
WATCHDOG: PC=0xd86 SP=0xf08e A=0x0 IFF1=1 n=5370000
WATCHDOG: PC=0xd6e SP=0xf08c A=0x0 IFF1=1 n=5380000
WATCHDOG: PC=0xd6a SP=0xf092 A=0x0 IFF1=1 n=5390000
WATCHDOG: PC=0xd73 SP=0xf08c A=0x0 IFF1=1 n=5400000
WATCHDOG: PC=0xd65 SP=0xf08a A=0x7f IFF1=1 n=5410000
WATCHDOG: PC=0xd7e SP=0xf08c A=0xfe IFF1=1 n=5420000
WATCHDOG: PC=0xd87 SP=0xf090 A=0x0 IFF1=1 n=5430000
WATCHDOG: PC=0xb9f SP=0xf08a A=0x0 IFF1=1 n=5440000
WATCHDOG: PC=0xd56 SP=0xf072 A=0x0 IFF1=1 n=5450000
WATCHDOG: PC=0xd76 SP=0xf08c A=0x0 IFF1=1 n=5460000
WATCHDOG: PC=0xd68 SP=0xf08a A=0x1 IFF1=1 n=5470000
WATCHDOG: PC=0xd6b SP=0xf092 A=0x0 IFF1=1 n=5480000
WATCHDOG: PC=0xd88 SP=0xf092 A=0x0 IFF1=1 n=5490000
WATCHDOG: PC=0xba2 SP=0xf08a A=0x0 IFF1=1 n=5500000
WATCHDOG: PC=0xd7f SP=0xf08c A=0x7f IFF1=1 n=5510000
WATCHDOG: PC=0xc8b SP=0xf076 A=0x2 IFF1=1 n=5520000
WATCHDOG: PC=0xd69 SP=0xf08a A=0x0 IFF1=1 n=5530000
WATCHDOG: PC=0xd6c SP=0xf090 A=0x0 IFF1=1 n=5540000
WATCHDOG: PC=0xd56 SP=0xf07a A=0x0 IFF1=1 n=5550000
WATCHDOG: PC=0xd7d SP=0xf08c A=0xfe IFF1=1 n=5560000
WATCHDOG: PC=0x10dc SP=0xf094 A=0x0 IFF1=1 n=5570000
WATCHDOG: PC=0x10dc SP=0xf094 A=0x0 IFF1=1 n=5580000
WATCHDOG: PC=0xd73 SP=0xf08c A=0x0 IFF1=1 n=5590000
WATCHDOG: PC=0xd85 SP=0xf08c A=0x0 IFF1=1 n=5600000
WATCHDOG: PC=0xba2 SP=0xf08a A=0x0 IFF1=1 n=5610000
WATCHDOG: PC=0xd65 SP=0xf08a A=0x7f IFF1=1 n=5620000
WATCHDOG: PC=0xd6c SP=0xf090 A=0x0 IFF1=1 n=5630000
WATCHDOG: PC=0xd7e SP=0xf08c A=0xfe IFF1=1 n=5640000
WATCHDOG: PC=0xd87 SP=0xf090 A=0x0 IFF1=1 n=5650000
WATCHDOG: PC=0xd68 SP=0xf08a A=0x2 IFF1=1 n=5660000
WATCHDOG: PC=0xd6b SP=0xf092 A=0x0 IFF1=1 n=5670000
WATCHDOG: PC=0xd76 SP=0xf08c A=0x0 IFF1=1 n=5680000
WATCHDOG: PC=0xd42 SP=0xf07a A=0xff IFF1=1 n=5690000
WATCHDOG: PC=0xd87 SP=0xf090 A=0x0 IFF1=1 n=5700000
WATCHDOG: PC=0xd71 SP=0xf08c A=0x0 IFF1=1 n=5710000
WATCHDOG: PC=0xd69 SP=0xf08a A=0x0 IFF1=1 n=5720000
WATCHDOG: PC=0xd6e SP=0xf08c A=0x0 IFF1=1 n=5730000
WATCHDOG: PC=0xd76 SP=0xf08c A=0x1 IFF1=1 n=5740000
WATCHDOG: PC=0xd86 SP=0xf08e A=0x0 IFF1=1 n=5750000
WATCHDOG: PC=0xd85 SP=0xf08c A=0x0 IFF1=1 n=5760000
WATCHDOG: PC=0xba2 SP=0xf08a A=0x0 IFF1=1 n=5770000
WATCHDOG: PC=0xd65 SP=0xf08a A=0x7f IFF1=1 n=5780000
WATCHDOG: PC=0xd97 SP=0xf06c A=0x80 IFF1=1 n=5790000
WATCHDOG: PC=0xd7e SP=0xf08c A=0xfe IFF1=1 n=5800000
WATCHDOG: PC=0x10d9 SP=0xf094 A=0x0 IFF1=1 n=5810000
WATCHDOG: PC=0x10d9 SP=0xf094 A=0x0 IFF1=1 n=5820000
WATCHDOG: PC=0xd76 SP=0xf08c A=0x1 IFF1=1 n=5830000
WATCHDOG: PC=0xd86 SP=0xf08e A=0x0 IFF1=1 n=5840000
WATCHDOG: PC=0xd7d SP=0xf08c A=0xfe IFF1=1 n=5850000
WATCHDOG: PC=0xd88 SP=0xf092 A=0x0 IFF1=1 n=5860000
WATCHDOG: PC=0xd88 SP=0xf092 A=0x0 IFF1=1 n=5870000
WATCHDOG: PC=0xbff SP=0xf090 A=0x20 IFF1=1 n=5880000
WATCHDOG: PC=0xc89 SP=0xf078 A=0x2 IFF1=1 n=5890000
WATCHDOG: PC=0xb9f SP=0xf08a A=0x0 IFF1=1 n=5900000
WATCHDOG: PC=0xd62 SP=0xf08a A=0x7f IFF1=1 n=5910000
WATCHDOG: PC=0xd08 SP=0xf080 A=0x0 IFF1=1 n=5920000
WATCHDOG: PC=0xd68 SP=0xf08a A=0x7 IFF1=1 n=5930000
WATCHDOG: PC=0xd6e SP=0xf08c A=0x0 IFF1=1 n=5940000
WATCHDOG: PC=0xd7d SP=0xf08c A=0xfe IFF1=1 n=5950000
WATCHDOG: PC=0xd88 SP=0xf092 A=0x0 IFF1=1 n=5960000
WATCHDOG: PC=0xd88 SP=0xf092 A=0x0 IFF1=1 n=5970000
WATCHDOG: PC=0xbf7 SP=0xf090 A=0x26 IFF1=1 n=5980000
WATCHDOG: PC=0xd87 SP=0xf090 A=0x0 IFF1=1 n=5990000
WATCHDOG: PC=0xd87 SP=0xf090 A=0x0 IFF1=1 n=6000000
WATCHDOG: PC=0xd62 SP=0xf08a A=0x7f IFF1=1 n=6010000
WATCHDOG: PC=0xd6b SP=0xf092 A=0x0 IFF1=1 n=6020000
WATCHDOG: PC=0xd6b SP=0xf092 A=0x0 IFF1=1 n=6030000
WATCHDOG: PC=0xbe5 SP=0xf096 A=0x20 IFF1=1 n=6040000
WATCHDOG: PC=0xc8a SP=0xf072 A=0x2 IFF1=1 n=6050000
WATCHDOG: PC=0xd7a SP=0xf08c A=0xfe IFF1=1 n=6060000
WATCHDOG: PC=0xd88 SP=0xf092 A=0x0 IFF1=1 n=6070000
WATCHDOG: PC=0xc07 SP=0xf090 A=0x25 IFF1=1 n=6080000
WATCHDOG: PC=0xd7e SP=0xf08c A=0xfe IFF1=1 n=6090000
WATCHDOG: PC=0xd7e SP=0xf08c A=0xfe IFF1=1 n=6100000
WATCHDOG: PC=0x10d9 SP=0xf094 A=0x0 IFF1=1 n=6110000
WATCHDOG: PC=0xd76 SP=0xf08c A=0x1 IFF1=1 n=6120000
WATCHDOG: PC=0xd86 SP=0xf08e A=0x0 IFF1=1 n=6130000
WATCHDOG: PC=0xd86 SP=0xf08e A=0x0 IFF1=1 n=6140000
WATCHDOG: PC=0xba2 SP=0xf08a A=0x0 IFF1=1 n=6150000
WATCHDOG: PC=0xd65 SP=0xf08a A=0x7f IFF1=1 n=6160000
WATCHDOG: PC=0xd6d SP=0xf08e A=0x0 IFF1=1 n=6170000
WATCHDOG: PC=0xd7f SP=0xf08c A=0x7f IFF1=1 n=6180000
WATCHDOG: PC=0x10d9 SP=0xf094 A=0x0 IFF1=1 n=6190000
WATCHDOG: PC=0xd79 SP=0xf08c A=0x1 IFF1=1 n=6200000
WATCHDOG: PC=0xd86 SP=0xf08e A=0x0 IFF1=1 n=6210000
WATCHDOG: PC=0xd68 SP=0xf08a A=0xd IFF1=1 n=6220000
WATCHDOG: PC=0xd6d SP=0xf08e A=0x0 IFF1=1 n=6230000
WATCHDOG: PC=0xd7e SP=0xf08c A=0xfe IFF1=1 n=6240000
WATCHDOG: PC=0x10dc SP=0xf094 A=0x0 IFF1=1 n=6250000
WATCHDOG: PC=0xd86 SP=0xf08e A=0x0 IFF1=1 n=6260000
WATCHDOG: PC=0xba2 SP=0xf08a A=0x0 IFF1=1 n=6270000
WATCHDOG: PC=0xd62 SP=0xf08a A=0x7f IFF1=1 n=6280000
WATCHDOG: PC=0xd7e SP=0xf08c A=0xfe IFF1=1 n=6290000
WATCHDOG: PC=0x10dc SP=0xf094 A=0x0 IFF1=1 n=6300000
WATCHDOG: PC=0xd73 SP=0xf08c A=0x0 IFF1=1 n=6310000
WATCHDOG: PC=0xd11 SP=0xf08a A=0x0 IFF1=1 n=6320000
WATCHDOG: PC=0xd62 SP=0xf08a A=0x7f IFF1=1 n=6330000
WATCHDOG: PC=0xb9f SP=0xf08a A=0x0 IFF1=1 n=6340000
WATCHDOG: PC=0xd62 SP=0xf08a A=0x7f IFF1=1 n=6350000
WATCHDOG: PC=0xd6b SP=0xf092 A=0x0 IFF1=1 n=6360000
WATCHDOG: PC=0xd7d SP=0xf08c A=0xfe IFF1=1 n=6370000
WATCHDOG: PC=0x10dc SP=0xf094 A=0x0 IFF1=1 n=6380000
WATCHDOG: PC=0xd57 SP=0xf076 A=0xff IFF1=1 n=6390000
WATCHDOG: PC=0xd85 SP=0xf08c A=0x0 IFF1=1 n=6400000
WATCHDOG: PC=0xd65 SP=0xf08a A=0x7f IFF1=1 n=6410000
WATCHDOG: PC=0xd6a SP=0xf092 A=0x0 IFF1=1 n=6420000
WATCHDOG: PC=0xd87 SP=0xf090 A=0x0 IFF1=1 n=6430000
WATCHDOG: PC=0xb9f SP=0xf08a A=0x0 IFF1=1 n=6440000
WATCHDOG: PC=0xd7e SP=0xf08c A=0xfe IFF1=1 n=6450000
WATCHDOG: PC=0x110c SP=0xf070 A=0xcf IFF1=0 n=6460000
WATCHDOG: PC=0xd68 SP=0xf08a A=0xd IFF1=1 n=6470000
WATCHDOG: PC=0xd88 SP=0xf092 A=0x0 IFF1=1 n=6480000
WATCHDOG: PC=0xd73 SP=0xf08c A=0x0 IFF1=1 n=6490000
WATCHDOG: PC=0xd69 SP=0xf08a A=0x0 IFF1=1 n=6500000
WATCHDOG: PC=0xb9f SP=0xf08a A=0x0 IFF1=1 n=6510000
WATCHDOG: PC=0xd62 SP=0xf08a A=0x7f IFF1=1 n=6520000
WATCHDOG: PC=0xd6b SP=0xf092 A=0x0 IFF1=1 n=6530000
WATCHDOG: PC=0xd7d SP=0xf08c A=0xfe IFF1=1 n=6540000
WATCHDOG: PC=0xd88 SP=0xf092 A=0x0 IFF1=1 n=6550000
WATCHDOG: PC=0xd71 SP=0xf08c A=0x0 IFF1=1 n=6560000
WATCHDOG: PC=0xb9f SP=0xf08a A=0x0 IFF1=1 n=6570000
WATCHDOG: PC=0xd82 SP=0xf08c A=0x7f IFF1=1 n=6580000
WATCHDOG: PC=0xd6a SP=0xf092 A=0x0 IFF1=1 n=6590000
WATCHDOG: PC=0xd88 SP=0xf092 A=0x0 IFF1=1 n=6600000
WATCHDOG: PC=0xd71 SP=0xf08c A=0x0 IFF1=1 n=6610000
WATCHDOG: PC=0xd68 SP=0xf08a A=0xd IFF1=1 n=6620000
WATCHDOG: PC=0xd6d SP=0xf08e A=0x0 IFF1=1 n=6630000
WATCHDOG: PC=0xd6a SP=0xf092 A=0x0 IFF1=1 n=6640000
WATCHDOG: PC=0xd79 SP=0xf08c A=0x1 IFF1=1 n=6650000
WATCHDOG: PC=0xd86 SP=0xf08e A=0x0 IFF1=1 n=6660000
WATCHDOG: PC=0xd68 SP=0xf08a A=0xd IFF1=1 n=6670000
WATCHDOG: PC=0xd6d SP=0xf08e A=0x0 IFF1=1 n=6680000
WATCHDOG: PC=0xd7e SP=0xf08c A=0xfe IFF1=1 n=6690000
WATCHDOG: PC=0xd5b SP=0xf078 A=0x0 IFF1=1 n=6700000
WATCHDOG: PC=0xd86 SP=0xf08e A=0x0 IFF1=1 n=6710000
WATCHDOG: PC=0xba2 SP=0xf08a A=0x0 IFF1=1 n=6720000
WATCHDOG: PC=0xd62 SP=0xf08a A=0x7f IFF1=1 n=6730000
WATCHDOG: PC=0xd7e SP=0xf08c A=0xfe IFF1=1 n=6740000
WATCHDOG: PC=0x10dc SP=0xf094 A=0x0 IFF1=1 n=6750000
WATCHDOG: PC=0xd73 SP=0xf08c A=0x0 IFF1=1 n=6760000
WATCHDOG: PC=0xd5f SP=0xf074 A=0x0 IFF1=1 n=6770000
WATCHDOG: PC=0xd62 SP=0xf08a A=0x7f IFF1=1 n=6780000
WATCHDOG: PC=0xd6b SP=0xf092 A=0x0 IFF1=1 n=6790000
WATCHDOG: PC=0xd7a SP=0xf08c A=0xfe IFF1=1 n=6800000
WATCHDOG: PC=0xd73 SP=0xf08c A=0x0 IFF1=1 n=6810000
WATCHDOG: PC=0xd69 SP=0xf08a A=0x0 IFF1=1 n=6820000
WATCHDOG: PC=0xd6e SP=0xf08c A=0x0 IFF1=1 n=6830000
WATCHDOG: PC=0xd1c SP=0xf07a A=0xff IFF1=1 n=6840000
WATCHDOG: PC=0xd6d SP=0xf08e A=0x0 IFF1=1 n=6850000
WATCHDOG: PC=0xd7f SP=0xf08c A=0x7f IFF1=1 n=6860000
WATCHDOG: PC=0xd6a SP=0xf092 A=0x0 IFF1=1 n=6870000
WATCHDOG: PC=0xd79 SP=0xf08c A=0x0 IFF1=1 n=6880000
WATCHDOG: PC=0xd87 SP=0xf090 A=0x0 IFF1=1 n=6890000
WATCHDOG: PC=0xd71 SP=0xf08c A=0x0 IFF1=1 n=6900000
WATCHDOG: PC=0xc45 SP=0xf07c A=0x0 IFF1=0 n=6910000
WATCHDOG: PC=0xd6b SP=0xf092 A=0x0 IFF1=1 n=6920000
WATCHDOG: PC=0xd76 SP=0xf08c A=0x0 IFF1=1 n=6930000
WATCHDOG: PC=0xd68 SP=0xf08a A=0xd IFF1=1 n=6940000
WATCHDOG: PC=0xd7f SP=0xf08c A=0x7f IFF1=1 n=6950000
WATCHDOG: PC=0xb9f SP=0xf08a A=0x0 IFF1=1 n=6960000
WATCHDOG: PC=0xd62 SP=0xf08a A=0x7f IFF1=1 n=6970000
WATCHDOG: PC=0xd6b SP=0xf092 A=0x0 IFF1=1 n=6980000
WATCHDOG: PC=0xd7d SP=0xf08c A=0xfe IFF1=1 n=6990000
WATCHDOG: PC=0xd7f SP=0xf08c A=0x7f IFF1=1 n=7000000
WATCHDOG: PC=0xd42 SP=0xf072 A=0xff IFF1=1 n=7010000
WATCHDOG: PC=0xd79 SP=0xf08c A=0x1 IFF1=1 n=7020000
WATCHDOG: PC=0xd87 SP=0xf090 A=0x0 IFF1=1 n=7030000
WATCHDOG: PC=0xb9f SP=0xf08a A=0x0 IFF1=1 n=7040000
WATCHDOG: PC=0xd82 SP=0xf08c A=0x7f IFF1=1 n=7050000
WATCHDOG: PC=0xd6b SP=0xf092 A=0x0 IFF1=1 n=7060000
WATCHDOG: PC=0xd7d SP=0xf08c A=0xfe IFF1=1 n=7070000
WATCHDOG: PC=0xd5a SP=0xf07c A=0x0 IFF1=1 n=7080000
WATCHDOG: PC=0xd73 SP=0xf08c A=0x0 IFF1=1 n=7090000
WATCHDOG: PC=0xd85 SP=0xf08c A=0x0 IFF1=1 n=7100000
WATCHDOG: PC=0xb9f SP=0xf08a A=0x0 IFF1=1 n=7110000
WATCHDOG: PC=0xd6c SP=0xf090 A=0x0 IFF1=1 n=7120000
WATCHDOG: PC=0xd7d SP=0xf08c A=0xfe IFF1=1 n=7130000
WATCHDOG: PC=0xd7f SP=0xf08c A=0x7f IFF1=1 n=7140000
WATCHDOG: PC=0x1232 SP=0xf072 A=0xff IFF1=0 n=7150000
WATCHDOG: PC=0xd79 SP=0xf08c A=0x0 IFF1=1 n=7160000
WATCHDOG: PC=0xd7d SP=0xf08c A=0xfe IFF1=1 n=7170000
WATCHDOG: PC=0x10dc SP=0xf094 A=0x0 IFF1=1 n=7180000
WATCHDOG: PC=0xd73 SP=0xf08c A=0x0 IFF1=1 n=7190000
WATCHDOG: PC=0xd85 SP=0xf08c A=0x0 IFF1=1 n=7200000
WATCHDOG: PC=0xd6d SP=0xf08e A=0x0 IFF1=1 n=7210000
WATCHDOG: PC=0xc9c SP=0xf074 A=0xff IFF1=1 n=7220000
WATCHDOG: PC=0x10d9 SP=0xf094 A=0x0 IFF1=1 n=7230000
WATCHDOG: PC=0xd79 SP=0xf08c A=0x0 IFF1=1 n=7240000
WATCHDOG: PC=0xd87 SP=0xf090 A=0x0 IFF1=1 n=7250000
WATCHDOG: PC=0xba4 SP=0xf08a A=0x0 IFF1=1 n=7260000
WATCHDOG: PC=0xd68 SP=0xf08a A=0xf IFF1=1 n=7270000
WATCHDOG: PC=0xd88 SP=0xf092 A=0x0 IFF1=1 n=7280000
WATCHDOG: PC=0xd71 SP=0xf08c A=0x0 IFF1=1 n=7290000
WATCHDOG: PC=0xd69 SP=0xf08a A=0x0 IFF1=1 n=7300000
WATCHDOG: PC=0xb9f SP=0xf08a A=0x0 IFF1=1 n=7310000
WATCHDOG: PC=0xd62 SP=0xf08a A=0x7f IFF1=1 n=7320000
WATCHDOG: PC=0xd6b SP=0xf092 A=0x0 IFF1=1 n=7330000
WATCHDOG: PC=0xd7d SP=0xf08c A=0xfe IFF1=1 n=7340000
WATCHDOG: PC=0xd79 SP=0xf08c A=0x1 IFF1=1 n=7350000
WATCHDOG: PC=0xd71 SP=0xf08c A=0x0 IFF1=1 n=7360000
WATCHDOG: PC=0xd68 SP=0xf08a A=0xf IFF1=1 n=7370000
WATCHDOG: PC=0x10dc SP=0xf094 A=0x0 IFF1=1 n=7380000
WATCHDOG: PC=0xd22 SP=0xf074 A=0xff IFF1=1 n=7390000
WATCHDOG: PC=0xd73 SP=0xf08c A=0x0 IFF1=1 n=7400000
WATCHDOG: PC=0xd85 SP=0xf08c A=0x0 IFF1=1 n=7410000
WATCHDOG: PC=0xd85 SP=0xf08c A=0x0 IFF1=1 n=7420000
WATCHDOG: PC=0xb9f SP=0xf08a A=0x0 IFF1=1 n=7430000
WATCHDOG: PC=0xd62 SP=0xf08a A=0x7f IFF1=1 n=7440000
WATCHDOG: PC=0xd6c SP=0xf090 A=0x0 IFF1=1 n=7450000
WATCHDOG: PC=0xd7d SP=0xf08c A=0xfe IFF1=1 n=7460000
WATCHDOG: PC=0x10dc SP=0xf094 A=0x0 IFF1=1 n=7470000
WATCHDOG: PC=0xd76 SP=0xf08c A=0x1 IFF1=1 n=7480000
WATCHDOG: PC=0xd71 SP=0xf08c A=0x0 IFF1=1 n=7490000
WATCHDOG: PC=0xb9f SP=0xf08a A=0x0 IFF1=1 n=7500000
WATCHDOG: PC=0xd82 SP=0xf08c A=0x7f IFF1=1 n=7510000
WATCHDOG: PC=0xd6a SP=0xf092 A=0x0 IFF1=1 n=7520000
WATCHDOG: PC=0xd88 SP=0xf092 A=0x0 IFF1=1 n=7530000
WATCHDOG: PC=0xd71 SP=0xf08c A=0x0 IFF1=1 n=7540000
WATCHDOG: PC=0xd69 SP=0xf08a A=0x0 IFF1=1 n=7550000
WATCHDOG: PC=0xd06 SP=0xf078 A=0x0 IFF1=1 n=7560000
WATCHDOG: PC=0xd86 SP=0xf08e A=0x0 IFF1=1 n=7570000
WATCHDOG: PC=0xba4 SP=0xf08a A=0x0 IFF1=1 n=7580000
WATCHDOG: PC=0xd68 SP=0xf08a A=0x12 IFF1=1 n=7590000
WATCHDOG: PC=0xd6d SP=0xf08e A=0x0 IFF1=1 n=7600000
WATCHDOG: PC=0xd7f SP=0xf08c A=0x7f IFF1=1 n=7610000
WATCHDOG: PC=0xd6a SP=0xf092 A=0x0 IFF1=1 n=7620000
WATCHDOG: PC=0xd7a SP=0xf08c A=0xfe IFF1=1 n=7630000
WATCHDOG: PC=0xd73 SP=0xf08c A=0x0 IFF1=1 n=7640000
WATCHDOG: PC=0xd69 SP=0xf08a A=0x0 IFF1=1 n=7650000
WATCHDOG: PC=0xd6e SP=0xf08c A=0x0 IFF1=1 n=7660000
WATCHDOG: PC=0xd6b SP=0xf092 A=0x0 IFF1=1 n=7670000
WATCHDOG: PC=0xd7a SP=0xf08c A=0xfe IFF1=1 n=7680000
WATCHDOG: PC=0xd87 SP=0xf090 A=0x0 IFF1=1 n=7690000
WATCHDOG: PC=0xcfd SP=0xf07c A=0x0 IFF1=1 n=7700000
WATCHDOG: PC=0xd65 SP=0xf08a A=0x7f IFF1=1 n=7710000
WATCHDOG: PC=0xd6d SP=0xf08e A=0x0 IFF1=1 n=7720000
WATCHDOG: PC=0xd6d SP=0xf08e A=0x0 IFF1=1 n=7730000
WATCHDOG: PC=0xd7e SP=0xf08c A=0xfe IFF1=1 n=7740000
WATCHDOG: PC=0x10d9 SP=0xf094 A=0x0 IFF1=1 n=7750000
WATCHDOG: PC=0xd79 SP=0xf08c A=0x1 IFF1=1 n=7760000
WATCHDOG: PC=0xd86 SP=0xf08e A=0x0 IFF1=1 n=7770000
WATCHDOG: PC=0xba4 SP=0xf08a A=0x0 IFF1=1 n=7780000
WATCHDOG: PC=0xd68 SP=0xf08a A=0x13 IFF1=1 n=7790000
WATCHDOG: PC=0xd62 SP=0xf08a A=0x7f IFF1=1 n=7800000
WATCHDOG: PC=0xd7e SP=0xf08c A=0xfe IFF1=1 n=7810000
WATCHDOG: PC=0x10dc SP=0xf094 A=0x0 IFF1=1 n=7820000
WATCHDOG: PC=0xd73 SP=0xf08c A=0x0 IFF1=1 n=7830000
WATCHDOG: PC=0xba2 SP=0xf08a A=0x0 IFF1=1 n=7840000
WATCHDOG: PC=0xd62 SP=0xf08a A=0x7f IFF1=1 n=7850000
WATCHDOG: PC=0xd7e SP=0xf08c A=0xfe IFF1=1 n=7860000
WATCHDOG: PC=0x10d9 SP=0xf094 A=0x0 IFF1=1 n=7870000
WATCHDOG: PC=0xd76 SP=0xf08c A=0x1 IFF1=1 n=7880000
WATCHDOG: PC=0xd86 SP=0xf08e A=0x0 IFF1=1 n=7890000
WATCHDOG: PC=0xd7d SP=0xf08c A=0xfe IFF1=1 n=7900000
WATCHDOG: PC=0xd88 SP=0xf092 A=0x0 IFF1=1 n=7910000
WATCHDOG: PC=0xd73 SP=0xf08c A=0x0 IFF1=1 n=7920000
WATCHDOG: PC=0xd85 SP=0xf08c A=0x0 IFF1=1 n=7930000
WATCHDOG: PC=0xba2 SP=0xf08a A=0x0 IFF1=1 n=7940000
WATCHDOG: PC=0xd62 SP=0xf08a A=0x7f IFF1=1 n=7950000
WATCHDOG: PC=0xbf9 SP=0xf090 A=0x26 IFF1=1 n=7960000
WATCHDOG: PC=0xd7e SP=0xf08c A=0xfe IFF1=1 n=7970000
WATCHDOG: PC=0x10dc SP=0xf094 A=0x0 IFF1=1 n=7980000
WATCHDOG: PC=0xd76 SP=0xf08c A=0x1 IFF1=1 n=7990000
WATCHDOG: PC=0xd76 SP=0xf08c A=0x1 IFF1=1 n=8000000
WATCHDOG: PC=0xcc1 SP=0xf074 A=0x0 IFF1=1 n=8010000
WATCHDOG: PC=0xba2 SP=0xf08a A=0x0 IFF1=1 n=8020000
WATCHDOG: PC=0xd65 SP=0xf08a A=0x7f IFF1=1 n=8030000
WATCHDOG: PC=0xd6d SP=0xf08e A=0x0 IFF1=1 n=8040000
WATCHDOG: PC=0xd7e SP=0xf08c A=0xfe IFF1=1 n=8050000
WATCHDOG: PC=0x10d9 SP=0xf094 A=0x0 IFF1=1 n=8060000
WATCHDOG: PC=0xd88 SP=0xf092 A=0x0 IFF1=1 n=8070000
WATCHDOG: PC=0xd1c SP=0xf076 A=0xff IFF1=1 n=8080000
WATCHDOG: PC=0xb9f SP=0xf08a A=0x0 IFF1=1 n=8090000
WATCHDOG: PC=0xd69 SP=0xf08a A=0x0 IFF1=1 n=8100000
WATCHDOG: PC=0xb9f SP=0xf08a A=0x0 IFF1=1 n=8110000
WATCHDOG: PC=0xd82 SP=0xf08c A=0x7f IFF1=1 n=8120000
WATCHDOG: PC=0xd6b SP=0xf092 A=0x0 IFF1=1 n=8130000
WATCHDOG: PC=0xd7d SP=0xf08c A=0xfe IFF1=1 n=8140000
WATCHDOG: PC=0xd88 SP=0xf092 A=0x0 IFF1=1 n=8150000
WATCHDOG: PC=0xd71 SP=0xf08c A=0x0 IFF1=1 n=8160000
WATCHDOG: PC=0xd69 SP=0xf08a A=0x0 IFF1=1 n=8170000
WATCHDOG: PC=0xb9f SP=0xf08a A=0x0 IFF1=1 n=8180000
WATCHDOG: PC=0xd82 SP=0xf08c A=0x7f IFF1=1 n=8190000
WATCHDOG: PC=0xba4 SP=0xf08a A=0x0 IFF1=1 n=8200000
WATCHDOG: PC=0xd68 SP=0xf08a A=0x16 IFF1=1 n=8210000
WATCHDOG: PC=0xd6d SP=0xf08e A=0x0 IFF1=1 n=8220000
WATCHDOG: PC=0xd7f SP=0xf08c A=0x7f IFF1=1 n=8230000
WATCHDOG: PC=0xd6a SP=0xf092 A=0x0 IFF1=1 n=8240000
WATCHDOG: PC=0xd7a SP=0xf08c A=0xfe IFF1=1 n=8250000
WATCHDOG: PC=0xd82 SP=0xf08c A=0x7f IFF1=1 n=8260000
WATCHDOG: PC=0xd6b SP=0xf092 A=0x0 IFF1=1 n=8270000
WATCHDOG: PC=0xd7d SP=0xf08c A=0xfe IFF1=1 n=8280000
WATCHDOG: PC=0xd88 SP=0xf092 A=0x0 IFF1=1 n=8290000
WATCHDOG: PC=0xd73 SP=0xf08c A=0x0 IFF1=1 n=8300000
WATCHDOG: PC=0xd85 SP=0xf08c A=0x0 IFF1=1 n=8310000
WATCHDOG: PC=0xc40 SP=0xf088 A=0x0 IFF1=0 n=8320000
WATCHDOG: PC=0xb9f SP=0xf08a A=0x0 IFF1=1 n=8330000
WATCHDOG: PC=0xd62 SP=0xf08a A=0x7f IFF1=1 n=8340000
WATCHDOG: PC=0xd6c SP=0xf090 A=0x0 IFF1=1 n=8350000
WATCHDOG: PC=0xd7d SP=0xf08c A=0xfe IFF1=1 n=8360000
WATCHDOG: PC=0x10dc SP=0xf094 A=0x0 IFF1=1 n=8370000
WATCHDOG: PC=0xd76 SP=0xf08c A=0x1 IFF1=1 n=8380000
WATCHDOG: PC=0xd79 SP=0xf08c A=0x0 IFF1=1 n=8390000
WATCHDOG: PC=0xd87 SP=0xf090 A=0x0 IFF1=1 n=8400000
WATCHDOG: PC=0xd71 SP=0xf08c A=0x0 IFF1=1 n=8410000
WATCHDOG: PC=0xd69 SP=0xf08a A=0x0 IFF1=1 n=8420000
WATCHDOG: PC=0xd6e SP=0xf08c A=0x0 IFF1=1 n=8430000
WATCHDOG: PC=0xd79 SP=0xf08c A=0x0 IFF1=1 n=8440000
WATCHDOG: PC=0xd87 SP=0xf090 A=0x0 IFF1=1 n=8450000
WATCHDOG: PC=0xba4 SP=0xf08a A=0x0 IFF1=1 n=8460000
WATCHDOG: PC=0x10dc SP=0xf094 A=0x0 IFF1=1 n=8470000
WATCHDOG: PC=0xd76 SP=0xf08c A=0x0 IFF1=1 n=8480000
WATCHDOG: PC=0x89e SP=0xf082 A=0x6f IFF1=1 n=8490000
WATCHDOG: PC=0x10d9 SP=0xf094 A=0x0 IFF1=1 n=8500000
WATCHDOG: PC=0xd79 SP=0xf08c A=0x1 IFF1=1 n=8510000
WATCHDOG: PC=0xd87 SP=0xf090 A=0x0 IFF1=1 n=8520000
WATCHDOG: PC=0xba4 SP=0xf08a A=0x0 IFF1=1 n=8530000
WATCHDOG: PC=0xd68 SP=0xf08a A=0xf1 IFF1=1 n=8540000
WATCHDOG: PC=0xd6e SP=0xf08c A=0x0 IFF1=1 n=8550000
WATCHDOG: PC=0xd7f SP=0xf08c A=0x7f IFF1=1 n=8560000
WATCHDOG: PC=0xd7f SP=0xf08c A=0x7f IFF1=1 n=8570000
WATCHDOG: PC=0xd6a SP=0xf092 A=0x0 IFF1=1 n=8580000
WATCHDOG: PC=0xd7a SP=0xf08c A=0xfe IFF1=1 n=8590000
WATCHDOG: PC=0xd87 SP=0xf090 A=0x0 IFF1=1 n=8600000
WATCHDOG: PC=0xd71 SP=0xf08c A=0x0 IFF1=1 n=8610000
WATCHDOG: PC=0xd69 SP=0xf08a A=0x0 IFF1=1 n=8620000
WATCHDOG: PC=0xd6e SP=0xf08c A=0x0 IFF1=1 n=8630000
WATCHDOG: PC=0xd6c SP=0xf090 A=0x0 IFF1=1 n=8640000
WATCHDOG: PC=0xd7d SP=0xf08c A=0xfe IFF1=1 n=8650000
WATCHDOG: PC=0xd88 SP=0xf092 A=0x0 IFF1=1 n=8660000
WATCHDOG: PC=0xd85 SP=0xf08c A=0x0 IFF1=1 n=8670000
WATCHDOG: PC=0xb9f SP=0xf08a A=0x0 IFF1=1 n=8680000
WATCHDOG: PC=0xd82 SP=0xf08c A=0x7f IFF1=1 n=8690000
WATCHDOG: PC=0xd7d SP=0xf08c A=0xfe IFF1=1 n=8700000
WATCHDOG: PC=0xd88 SP=0xf092 A=0x0 IFF1=1 n=8710000
WATCHDOG: PC=0xbf8 SP=0xf090 A=0x26 IFF1=1 n=8720000
WATCHDOG: PC=0xc8e SP=0xf078 A=0x3 IFF1=1 n=8730000
WATCHDOG: PC=0xd88 SP=0xf092 A=0x0 IFF1=1 n=8740000
WATCHDOG: PC=0xd88 SP=0xf092 A=0x0 IFF1=1 n=8750000
WATCHDOG: PC=0xd73 SP=0xf08c A=0x0 IFF1=1 n=8760000
WATCHDOG: PC=0xd69 SP=0xf08a A=0x0 IFF1=1 n=8770000
WATCHDOG: PC=0xb9f SP=0xf08a A=0x0 IFF1=1 n=8780000
WATCHDOG: PC=0xd62 SP=0xf08a A=0x7f IFF1=1 n=8790000
WATCHDOG: PC=0xd22 SP=0xf072 A=0xff IFF1=1 n=8800000
WATCHDOG: PC=0xd7d SP=0xf08c A=0xfe IFF1=1 n=8810000
WATCHDOG: PC=0xd79 SP=0xf08c A=0x1 IFF1=1 n=8820000
WATCHDOG: PC=0xd86 SP=0xf08e A=0x0 IFF1=1 n=8830000
WATCHDOG: PC=0xd68 SP=0xf08a A=0xf2 IFF1=1 n=8840000
WATCHDOG: PC=0xd6d SP=0xf08e A=0x0 IFF1=1 n=8850000
WATCHDOG: PC=0xd69 SP=0xf08a A=0x0 IFF1=1 n=8860000
WATCHDOG: PC=0xc43 SP=0xf084 A=0x0 IFF1=0 n=8870000
WATCHDOG: PC=0xd82 SP=0xf08c A=0x7f IFF1=1 n=8880000
WATCHDOG: PC=0xd86 SP=0xf08e A=0x0 IFF1=1 n=8890000
WATCHDOG: PC=0xba4 SP=0xf08a A=0x0 IFF1=1 n=8900000
WATCHDOG: PC=0xd65 SP=0xf08a A=0x7f IFF1=1 n=8910000
WATCHDOG: PC=0xd6d SP=0xf08e A=0x0 IFF1=1 n=8920000
WATCHDOG: PC=0xd7f SP=0xf08c A=0x7f IFF1=1 n=8930000
WATCHDOG: PC=0xcb2 SP=0xf074 A=0xf1 IFF1=1 n=8940000
WATCHDOG: PC=0xd79 SP=0xf08c A=0x1 IFF1=1 n=8950000
WATCHDOG: PC=0xd73 SP=0xf08c A=0x0 IFF1=1 n=8960000
WATCHDOG: PC=0xd69 SP=0xf08a A=0x0 IFF1=1 n=8970000
WATCHDOG: PC=0xd62 SP=0xf08a A=0x7f IFF1=1 n=8980000
WATCHDOG: PC=0xd6b SP=0xf092 A=0x0 IFF1=1 n=8990000
WATCHDOG: PC=0xd7a SP=0xf08c A=0xfe IFF1=1 n=9000000
WATCHDOG: PC=0xc8e SP=0xf07c A=0x3 IFF1=1 n=9010000
WATCHDOG: PC=0xd69 SP=0xf08a A=0x0 IFF1=1 n=9020000
WATCHDOG: PC=0xd6e SP=0xf08c A=0x0 IFF1=1 n=9030000
WATCHDOG: PC=0xd7f SP=0xf08c A=0x7f IFF1=1 n=9040000
WATCHDOG: PC=0xd7a SP=0xf08c A=0xfe IFF1=1 n=9050000
WATCHDOG: PC=0xd87 SP=0xf090 A=0x0 IFF1=1 n=9060000
WATCHDOG: PC=0xba4 SP=0xf08a A=0x0 IFF1=1 n=9070000
WATCHDOG: PC=0xd6e SP=0xf08c A=0x0 IFF1=1 n=9080000
WATCHDOG: PC=0xd7f SP=0xf08c A=0x7f IFF1=1 n=9090000
WATCHDOG: PC=0x10d9 SP=0xf094 A=0x0 IFF1=1 n=9100000
WATCHDOG: PC=0xd76 SP=0xf08c A=0x1 IFF1=1 n=9110000
WATCHDOG: PC=0xba4 SP=0xf08a A=0x0 IFF1=1 n=9120000
WATCHDOG: PC=0xd73 SP=0xf08c A=0x0 IFF1=1 n=9130000
WATCHDOG: PC=0xd85 SP=0xf08c A=0x0 IFF1=1 n=9140000
WATCHDOG: PC=0xb9f SP=0xf08a A=0x0 IFF1=1 n=9150000
WATCHDOG: PC=0xd62 SP=0xf08a A=0x7f IFF1=1 n=9160000
WATCHDOG: PC=0xd6c SP=0xf090 A=0x0 IFF1=1 n=9170000
WATCHDOG: PC=0xd7e SP=0xf08c A=0xfe IFF1=1 n=9180000
WATCHDOG: PC=0x10dc SP=0xf094 A=0x0 IFF1=1 n=9190000
WATCHDOG: PC=0xba4 SP=0xf08a A=0x0 IFF1=1 n=9200000
WATCHDOG: PC=0xd82 SP=0xf08c A=0x7f IFF1=1 n=9210000
WATCHDOG: PC=0xd7a SP=0xf08c A=0xfe IFF1=1 n=9220000
WATCHDOG: PC=0xd85 SP=0xf08c A=0x0 IFF1=1 n=9230000
WATCHDOG: PC=0xd79 SP=0xf08c A=0x1 IFF1=1 n=9240000
WATCHDOG: PC=0xc8c SP=0xf07a A=0x2 IFF1=1 n=9250000
WATCHDOG: PC=0xba4 SP=0xf08a A=0x0 IFF1=1 n=9260000
WATCHDOG: PC=0xd68 SP=0xf08a A=0xf3 IFF1=1 n=9270000
WATCHDOG: PC=0xd6e SP=0xf08c A=0x0 IFF1=1 n=9280000
WATCHDOG: PC=0xd7f SP=0xf08c A=0x7f IFF1=1 n=9290000
WATCHDOG: PC=0xd6a SP=0xf092 A=0x0 IFF1=1 n=9300000
WATCHDOG: PC=0x10dc SP=0xf094 A=0x0 IFF1=1 n=9310000
WATCHDOG: PC=0x122f SP=0xf070 A=0x58 IFF1=0 n=9320000
WATCHDOG: PC=0xba2 SP=0xf08a A=0x0 IFF1=1 n=9330000
WATCHDOG: PC=0xd62 SP=0xf08a A=0x7f IFF1=1 n=9340000
WATCHDOG: PC=0xd6b SP=0xf092 A=0x0 IFF1=1 n=9350000
WATCHDOG: PC=0x10dc SP=0xf094 A=0x0 IFF1=1 n=9360000
WATCHDOG: PC=0xd73 SP=0xf08c A=0x0 IFF1=1 n=9370000
WATCHDOG: PC=0xd69 SP=0xf08a A=0x0 IFF1=1 n=9380000
WATCHDOG: PC=0xd62 SP=0xf08a A=0x7f IFF1=1 n=9390000
WATCHDOG: PC=0xd6b SP=0xf092 A=0x0 IFF1=1 n=9400000
WATCHDOG: PC=0xd7a SP=0xf08c A=0xfe IFF1=1 n=9410000
WATCHDOG: PC=0xd87 SP=0xf090 A=0x0 IFF1=1 n=9420000
WATCHDOG: PC=0xd69 SP=0xf08a A=0x0 IFF1=1 n=9430000
WATCHDOG: PC=0xd6e SP=0xf08c A=0x0 IFF1=1 n=9440000
WATCHDOG: PC=0xd7f SP=0xf08c A=0x7f IFF1=1 n=9450000
WATCHDOG: PC=0xd7a SP=0xf08c A=0xfe IFF1=1 n=9460000
WATCHDOG: PC=0xd87 SP=0xf090 A=0x0 IFF1=1 n=9470000
WATCHDOG: PC=0xba4 SP=0xf08a A=0x0 IFF1=1 n=9480000
WATCHDOG: PC=0xd65 SP=0xf08a A=0x7f IFF1=1 n=9490000
WATCHDOG: PC=0xd7f SP=0xf08c A=0x7f IFF1=1 n=9500000
WATCHDOG: PC=0x10d9 SP=0xf094 A=0x0 IFF1=1 n=9510000
WATCHDOG: PC=0xd76 SP=0xf08c A=0x1 IFF1=1 n=9520000
WATCHDOG: PC=0xba4 SP=0xf08a A=0x0 IFF1=1 n=9530000
WATCHDOG: PC=0xd65 SP=0xf08a A=0x7f IFF1=1 n=9540000
WATCHDOG: PC=0xd6c SP=0xf090 A=0x0 IFF1=1 n=9550000
WATCHDOG: PC=0xd5f SP=0xf072 A=0x0 IFF1=1 n=9560000
WATCHDOG: PC=0xd76 SP=0xf08c A=0x1 IFF1=1 n=9570000
WATCHDOG: PC=0xd85 SP=0xf08c A=0x0 IFF1=1 n=9580000
WATCHDOG: PC=0xb9f SP=0xf08a A=0x0 IFF1=1 n=9590000
WATCHDOG: PC=0xd6c SP=0xf090 A=0x0 IFF1=1 n=9600000
WATCHDOG: PC=0xd7d SP=0xf08c A=0xfe IFF1=1 n=9610000
WATCHDOG: PC=0xd88 SP=0xf092 A=0x0 IFF1=1 n=9620000
WATCHDOG: PC=0xd60 SP=0xf072 A=0x0 IFF1=1 n=9630000
WATCHDOG: PC=0xb9f SP=0xf08a A=0x0 IFF1=1 n=9640000
WATCHDOG: PC=0xd82 SP=0xf08c A=0x7f IFF1=1 n=9650000
WATCHDOG: PC=0xd6a SP=0xf092 A=0x0 IFF1=1 n=9660000
WATCHDOG: PC=0xd88 SP=0xf092 A=0x0 IFF1=1 n=9670000
WATCHDOG: PC=0xd71 SP=0xf08c A=0x0 IFF1=1 n=9680000
WATCHDOG: PC=0xd68 SP=0xf08a A=0xf3 IFF1=1 n=9690000
WATCHDOG: PC=0xd41 SP=0xf078 A=0xff IFF1=1 n=9700000
WATCHDOG: PC=0xd6a SP=0xf092 A=0x0 IFF1=1 n=9710000
WATCHDOG: PC=0xd79 SP=0xf08c A=0x1 IFF1=1 n=9720000
WATCHDOG: PC=0xd86 SP=0xf08e A=0x0 IFF1=1 n=9730000
WATCHDOG: PC=0xd68 SP=0xf08a A=0xf3 IFF1=1 n=9740000
WATCHDOG: PC=0xd6d SP=0xf08e A=0x0 IFF1=1 n=9750000
WATCHDOG: PC=0xb9f SP=0xf08a A=0x0 IFF1=1 n=9760000
WATCHDOG: PC=0xc96 SP=0xf078 A=0x3 IFF1=1 n=9770000
WATCHDOG: PC=0xd6b SP=0xf092 A=0x0 IFF1=1 n=9780000
WATCHDOG: PC=0xd7d SP=0xf08c A=0xfe IFF1=1 n=9790000
WATCHDOG: PC=0xd86 SP=0xf08e A=0x0 IFF1=1 n=9800000
WATCHDOG: PC=0xba2 SP=0xf08a A=0x0 IFF1=1 n=9810000
WATCHDOG: PC=0xd65 SP=0xf08a A=0x7f IFF1=1 n=9820000
WATCHDOG: PC=0xd6d SP=0xf08e A=0x0 IFF1=1 n=9830000
WATCHDOG: PC=0xd1f SP=0xf076 A=0x53 IFF1=1 n=9840000
WATCHDOG: PC=0x10d9 SP=0xf094 A=0x0 IFF1=1 n=9850000
WATCHDOG: PC=0xd79 SP=0xf08c A=0x1 IFF1=1 n=9860000
WATCHDOG: PC=0xd86 SP=0xf08e A=0x0 IFF1=1 n=9870000
WATCHDOG: PC=0xd68 SP=0xf08a A=0xf4 IFF1=1 n=9880000
WATCHDOG: PC=0xd6e SP=0xf08c A=0x0 IFF1=1 n=9890000
WATCHDOG: PC=0xd82 SP=0xf08c A=0x7f IFF1=1 n=9900000
WATCHDOG: PC=0xd7f SP=0xf08c A=0x7f IFF1=1 n=9910000
WATCHDOG: PC=0xd6a SP=0xf092 A=0x0 IFF1=1 n=9920000
WATCHDOG: PC=0xd7a SP=0xf08c A=0xfe IFF1=1 n=9930000
WATCHDOG: PC=0xd88 SP=0xf092 A=0x0 IFF1=1 n=9940000
WATCHDOG: PC=0xd71 SP=0xf08c A=0x0 IFF1=1 n=9950000
WATCHDOG: PC=0xd69 SP=0xf08a A=0x0 IFF1=1 n=9960000
WATCHDOG: PC=0xb9f SP=0xf08a A=0x0 IFF1=1 n=9970000
WATCHDOG: PC=0xd6c SP=0xf090 A=0x0 IFF1=1 n=9980000
WATCHDOG: PC=0xd7d SP=0xf08c A=0xfe IFF1=1 n=9990000
WATCHDOG: PC=0xd88 SP=0xf092 A=0x0 IFF1=1 n=10000000
WATCHDOG: PC=0xd5e SP=0xf072 A=0x0 IFF1=1 n=10010000
WATCHDOG: PC=0xb9f SP=0xf08a A=0x0 IFF1=1 n=10020000
WATCHDOG: PC=0xd82 SP=0xf08c A=0x7f IFF1=1 n=10030000
WATCHDOG: PC=0xd6a SP=0xf092 A=0x0 IFF1=1 n=10040000
WATCHDOG: PC=0xd88 SP=0xf092 A=0x0 IFF1=1 n=10050000
WATCHDOG: PC=0xd71 SP=0xf08c A=0x0 IFF1=1 n=10060000
WATCHDOG: PC=0xd68 SP=0xf08a A=0xf5 IFF1=1 n=10070000
WATCHDOG: PC=0xd60 SP=0xf074 A=0x0 IFF1=1 n=10080000
WATCHDOG: PC=0xd6a SP=0xf092 A=0x0 IFF1=1 n=10090000
WATCHDOG: PC=0xd79 SP=0xf08c A=0x1 IFF1=1 n=10100000
WATCHDOG: PC=0xd86 SP=0xf08e A=0x0 IFF1=1 n=10110000
WATCHDOG: PC=0xd68 SP=0xf08a A=0xf5 IFF1=1 n=10120000
WATCHDOG: PC=0xd6d SP=0xf08e A=0x0 IFF1=1 n=10130000
WATCHDOG: PC=0xd7e SP=0xf08c A=0xfe IFF1=1 n=10140000
WATCHDOG: PC=0xd3a SP=0xf074 A=0x0 IFF1=1 n=10150000
WATCHDOG: PC=0xd86 SP=0xf08e A=0x0 IFF1=1 n=10160000
WATCHDOG: PC=0xba2 SP=0xf08a A=0x0 IFF1=1 n=10170000
WATCHDOG: PC=0xd62 SP=0xf08a A=0x7f IFF1=1 n=10180000
WATCHDOG: PC=0xd7e SP=0xf08c A=0xfe IFF1=1 n=10190000
WATCHDOG: PC=0x10dc SP=0xf094 A=0x0 IFF1=1 n=10200000
WATCHDOG: PC=0xd73 SP=0xf08c A=0x0 IFF1=1 n=10210000
WATCHDOG: PC=0xca9 SP=0xf07e A=0xc0 IFF1=1 n=10220000
WATCHDOG: PC=0xd62 SP=0xf08a A=0x7f IFF1=1 n=10230000
WATCHDOG: PC=0xd6b SP=0xf092 A=0x0 IFF1=1 n=10240000
WATCHDOG: PC=0xd7a SP=0xf08c A=0xfe IFF1=1 n=10250000
WATCHDOG: PC=0xd73 SP=0xf08c A=0x0 IFF1=1 n=10260000
WATCHDOG: PC=0xd69 SP=0xf08a A=0x0 IFF1=1 n=10270000
WATCHDOG: PC=0xd6e SP=0xf08c A=0x0 IFF1=1 n=10280000
WATCHDOG: PC=0xd6b SP=0xf092 A=0x0 IFF1=1 n=10290000
WATCHDOG: PC=0xd7a SP=0xf08c A=0xfe IFF1=1 n=10300000
WATCHDOG: PC=0xd87 SP=0xf090 A=0x0 IFF1=1 n=10310000
WATCHDOG: PC=0xba4 SP=0xf08a A=0x0 IFF1=1 n=10320000
WATCHDOG: PC=0xd6e SP=0xf08c A=0x0 IFF1=1 n=10330000
WATCHDOG: PC=0xd7f SP=0xf08c A=0x7f IFF1=1 n=10340000
WATCHDOG: PC=0x10d9 SP=0xf094 A=0x0 IFF1=1 n=10350000
WATCHDOG: PC=0xd87 SP=0xf090 A=0x0 IFF1=1 n=10360000
WATCHDOG: PC=0xba4 SP=0xf08a A=0x0 IFF1=1 n=10370000
WATCHDOG: PC=0xd65 SP=0xf08a A=0x7f IFF1=1 n=10380000
WATCHDOG: PC=0xd6c SP=0xf090 A=0x0 IFF1=1 n=10390000
WATCHDOG: PC=0x10d9 SP=0xf094 A=0x0 IFF1=1 n=10400000
WATCHDOG: PC=0xd76 SP=0xf08c A=0x1 IFF1=1 n=10410000
WATCHDOG: PC=0xd85 SP=0xf08c A=0x0 IFF1=1 n=10420000
WATCHDOG: PC=0xd65 SP=0xf08a A=0x7f IFF1=1 n=10430000
WATCHDOG: PC=0xd6c SP=0xf090 A=0x0 IFF1=1 n=10440000
WATCHDOG: PC=0xd7d SP=0xf08c A=0xfe IFF1=1 n=10450000
WATCHDOG: PC=0xd60 SP=0xf07c A=0x0 IFF1=1 n=10460000
WATCHDOG: PC=0xd85 SP=0xf08c A=0x0 IFF1=1 n=10470000
WATCHDOG: PC=0xb9f SP=0xf08a A=0x0 IFF1=1 n=10480000
WATCHDOG: PC=0xd82 SP=0xf08c A=0x7f IFF1=1 n=10490000
WATCHDOG: PC=0xd7d SP=0xf08c A=0xfe IFF1=1 n=10500000
WATCHDOG: PC=0xd88 SP=0xf092 A=0x0 IFF1=1 n=10510000
WATCHDOG: PC=0xd71 SP=0xf08c A=0x0 IFF1=1 n=10520000
WATCHDOG: PC=0xd58 SP=0xf074 A=0xff IFF1=1 n=10530000
WATCHDOG: PC=0xd82 SP=0xf08c A=0x7f IFF1=1 n=10540000
WATCHDOG: PC=0xd6a SP=0xf092 A=0x0 IFF1=1 n=10550000
WATCHDOG: PC=0xd79 SP=0xf08c A=0x1 IFF1=1 n=10560000
WATCHDOG: PC=0xd71 SP=0xf08c A=0x0 IFF1=1 n=10570000
WATCHDOG: PC=0xd68 SP=0xf08a A=0xf5 IFF1=1 n=10580000
WATCHDOG: PC=0xd69 SP=0xf08a A=0x0 IFF1=1 n=10590000
WATCHDOG: PC=0xd57 SP=0xf074 A=0xff IFF1=1 n=10600000
WATCHDOG: PC=0xd82 SP=0xf08c A=0x7f IFF1=1 n=10610000
WATCHDOG: PC=0xd6b SP=0xf092 A=0x0 IFF1=1 n=10620000
WATCHDOG: PC=0xd7d SP=0xf08c A=0xfe IFF1=1 n=10630000
WATCHDOG: PC=0xd88 SP=0xf092 A=0x0 IFF1=1 n=10640000
WATCHDOG: PC=0xd73 SP=0xf08c A=0x0 IFF1=1 n=10650000
WATCHDOG: PC=0xd85 SP=0xf08c A=0x0 IFF1=1 n=10660000
WATCHDOG: PC=0xba2 SP=0xf08a A=0x0 IFF1=1 n=10670000
WATCHDOG: PC=0xd62 SP=0xf08a A=0x7f IFF1=1 n=10680000
WATCHDOG: PC=0xd6c SP=0xf090 A=0x0 IFF1=1 n=10690000
WATCHDOG: PC=0xd7d SP=0xf08c A=0xfe IFF1=1 n=10700000
WATCHDOG: PC=0xd76 SP=0xf08c A=0x1 IFF1=1 n=10710000
WATCHDOG: PC=0xd85 SP=0xf08c A=0x0 IFF1=1 n=10720000
WATCHDOG: PC=0xb9f SP=0xf08a A=0x0 IFF1=1 n=10730000
WATCHDOG: PC=0xd5b SP=0xf074 A=0x0 IFF1=1 n=10740000
WATCHDOG: PC=0xd7d SP=0xf08c A=0xfe IFF1=1 n=10750000
WATCHDOG: PC=0xd6a SP=0xf092 A=0x0 IFF1=1 n=10760000
WATCHDOG: PC=0xd7a SP=0xf08c A=0xfe IFF1=1 n=10770000
WATCHDOG: PC=0xd87 SP=0xf090 A=0x0 IFF1=1 n=10780000
WATCHDOG: PC=0xd71 SP=0xf08c A=0x0 IFF1=1 n=10790000
WATCHDOG: PC=0xd69 SP=0xf08a A=0x0 IFF1=1 n=10800000
WATCHDOG: PC=0xb9f SP=0xf08a A=0x0 IFF1=1 n=10810000
WATCHDOG: PC=0xd82 SP=0xf08c A=0x7f IFF1=1 n=10820000
WATCHDOG: PC=0xd6b SP=0xf092 A=0x0 IFF1=1 n=10830000
WATCHDOG: PC=0xd7d SP=0xf08c A=0xfe IFF1=1 n=10840000
WATCHDOG: PC=0xd88 SP=0xf092 A=0x0 IFF1=1 n=10850000
WATCHDOG: PC=0xd86 SP=0xf08e A=0x0 IFF1=1 n=10860000
WATCHDOG: PC=0xba2 SP=0xf08a A=0x0 IFF1=1 n=10870000
WATCHDOG: PC=0xd57 SP=0xf074 A=0xff IFF1=1 n=10880000
WATCHDOG: PC=0xd7e SP=0xf08c A=0xfe IFF1=1 n=10890000
WATCHDOG: PC=0x10dc SP=0xf094 A=0x0 IFF1=1 n=10900000
WATCHDOG: PC=0xd73 SP=0xf08c A=0x0 IFF1=1 n=10910000
WATCHDOG: PC=0xba2 SP=0xf08a A=0x0 IFF1=1 n=10920000
WATCHDOG: PC=0xd62 SP=0xf08a A=0x7f IFF1=1 n=10930000
WATCHDOG: PC=0xd6b SP=0xf092 A=0x0 IFF1=1 n=10940000
WATCHDOG: PC=0xd5a SP=0xf07c A=0x0 IFF1=1 n=10950000
WATCHDOG: PC=0xd73 SP=0xf08c A=0x0 IFF1=1 n=10960000
WATCHDOG: PC=0xd69 SP=0xf08a A=0x0 IFF1=1 n=10970000
WATCHDOG: PC=0xd6e SP=0xf08c A=0x0 IFF1=1 n=10980000
WATCHDOG: PC=0xd6b SP=0xf092 A=0x0 IFF1=1 n=10990000
WATCHDOG: PC=0xd7a SP=0xf08c A=0xfe IFF1=1 n=11000000
WATCHDOG: PC=0xd87 SP=0xf090 A=0x0 IFF1=1 n=11010000
WATCHDOG: PC=0xd24 SP=0xf074 A=0xff IFF1=1 n=11020000
WATCHDOG: PC=0xd6e SP=0xf08c A=0x0 IFF1=1 n=11030000
WATCHDOG: PC=0xd7f SP=0xf08c A=0x7f IFF1=1 n=11040000
WATCHDOG: PC=0x10d9 SP=0xf094 A=0x0 IFF1=1 n=11050000
WATCHDOG: PC=0xd87 SP=0xf090 A=0x0 IFF1=1 n=11060000
WATCHDOG: PC=0xba4 SP=0xf08a A=0x0 IFF1=1 n=11070000
WATCHDOG: PC=0xd65 SP=0xf08a A=0x7f IFF1=1 n=11080000
WATCHDOG: PC=0x121f SP=0xf070 A=0xcf IFF1=0 n=11090000
WATCHDOG: PC=0x10d9 SP=0xf094 A=0x0 IFF1=1 n=11100000
WATCHDOG: PC=0xd76 SP=0xf08c A=0x1 IFF1=1 n=11110000
WATCHDOG: PC=0xd85 SP=0xf08c A=0x0 IFF1=1 n=11120000
WATCHDOG: PC=0xd65 SP=0xf08a A=0x7f IFF1=1 n=11130000
WATCHDOG: PC=0xd6c SP=0xf090 A=0x0 IFF1=1 n=11140000
WATCHDOG: PC=0xd7d SP=0xf08c A=0xfe IFF1=1 n=11150000
WATCHDOG: PC=0xd76 SP=0xf08c A=0x1 IFF1=1 n=11160000
WATCHDOG: PC=0xd85 SP=0xf08c A=0x0 IFF1=1 n=11170000
WATCHDOG: PC=0xb9f SP=0xf08a A=0x0 IFF1=1 n=11180000
WATCHDOG: PC=0xd82 SP=0xf08c A=0x7f IFF1=1 n=11190000
WATCHDOG: PC=0xd7d SP=0xf08c A=0xfe IFF1=1 n=11200000
WATCHDOG: PC=0xd88 SP=0xf092 A=0x0 IFF1=1 n=11210000
WATCHDOG: PC=0xd71 SP=0xf08c A=0x0 IFF1=1 n=11220000
WATCHDOG: PC=0xb9f SP=0xf08a A=0x0 IFF1=1 n=11230000
WATCHDOG: PC=0xd82 SP=0xf08c A=0x7f IFF1=1 n=11240000
WATCHDOG: PC=0xd6e SP=0xf08c A=0x0 IFF1=1 n=11250000
WATCHDOG: PC=0xd59 SP=0xf074 A=0x0 IFF1=1 n=11260000
WATCHDOG: PC=0xd6a SP=0xf092 A=0x0 IFF1=1 n=11270000
WATCHDOG: PC=0xb9f SP=0xf08a A=0x0 IFF1=1 n=11280000
WATCHDOG: PC=0xd62 SP=0xf08a A=0x7f IFF1=1 n=11290000
WATCHDOG: PC=0xd6b SP=0xf092 A=0x0 IFF1=1 n=11300000
WATCHDOG: PC=0xd7d SP=0xf08c A=0xfe IFF1=1 n=11310000
WATCHDOG: PC=0x10dc SP=0xf094 A=0x0 IFF1=1 n=11320000
WATCHDOG: PC=0xd22 SP=0xf072 A=0xff IFF1=1 n=11330000
WATCHDOG: PC=0xd85 SP=0xf08c A=0x0 IFF1=1 n=11340000
WATCHDOG: PC=0xd68 SP=0xf08a A=0xf5 IFF1=1 n=11350000
WATCHDOG: PC=0xd85 SP=0xf08c A=0x0 IFF1=1 n=11360000
WATCHDOG: PC=0xb9f SP=0xf08a A=0x0 IFF1=1 n=11370000
WATCHDOG: PC=0xd62 SP=0xf08a A=0x7f IFF1=1 n=11380000
WATCHDOG: PC=0xd6c SP=0xf090 A=0x0 IFF1=1 n=11390000
WATCHDOG: PC=0xfd9a SP=0xf07c A=0x0 IFF1=0 n=11400000
WATCHDOG: PC=0x10dc SP=0xf094 A=0x0 IFF1=1 n=11410000
WATCHDOG: PC=0xd76 SP=0xf08c A=0x0 IFF1=1 n=11420000
WATCHDOG: PC=0xd68 SP=0xf08a A=0xf5 IFF1=1 n=11430000
WATCHDOG: PC=0xd87 SP=0xf090 A=0x0 IFF1=1 n=11440000
WATCHDOG: PC=0xd71 SP=0xf08c A=0x0 IFF1=1 n=11450000
WATCHDOG: PC=0xd69 SP=0xf08a A=0x0 IFF1=1 n=11460000
WATCHDOG: PC=0xd6e SP=0xf08c A=0x0 IFF1=1 n=11470000
WATCHDOG: PC=0xd82 SP=0xf08c A=0x7f IFF1=1 n=11480000
WATCHDOG: PC=0xd6b SP=0xf092 A=0x0 IFF1=1 n=11490000
WATCHDOG: PC=0xd7d SP=0xf08c A=0xfe IFF1=1 n=11500000
WATCHDOG: PC=0xd76 SP=0xf08c A=0x1 IFF1=1 n=11510000
WATCHDOG: PC=0xd85 SP=0xf08c A=0x0 IFF1=1 n=11520000
WATCHDOG: PC=0xb9f SP=0xf08a A=0x0 IFF1=1 n=11530000
WATCHDOG: PC=0xd6c SP=0xf090 A=0x0 IFF1=1 n=11540000
WATCHDOG: PC=0xd7d SP=0xf08c A=0xfe IFF1=1 n=11550000
WATCHDOG: PC=0xd88 SP=0xf092 A=0x0 IFF1=1 n=11560000
WATCHDOG: PC=0xd11 SP=0xf08a A=0x0 IFF1=1 n=11570000
WATCHDOG: PC=0xb9f SP=0xf08a A=0x0 IFF1=1 n=11580000
WATCHDOG: PC=0xd82 SP=0xf08c A=0x7f IFF1=1 n=11590000
WATCHDOG: PC=0xd6a SP=0xf092 A=0x0 IFF1=1 n=11600000
WATCHDOG: PC=0xd88 SP=0xf092 A=0x0 IFF1=1 n=11610000
WATCHDOG: PC=0xd71 SP=0xf08c A=0x0 IFF1=1 n=11620000
WATCHDOG: PC=0xd68 SP=0xf08a A=0xf5 IFF1=1 n=11630000
WATCHDOG: PC=0xcfd SP=0xf074 A=0x0 IFF1=1 n=11640000
WATCHDOG: PC=0xd6a SP=0xf092 A=0x0 IFF1=1 n=11650000
WATCHDOG: PC=0xd79 SP=0xf08c A=0x1 IFF1=1 n=11660000
WATCHDOG: PC=0xd86 SP=0xf08e A=0x0 IFF1=1 n=11670000
WATCHDOG: PC=0xd68 SP=0xf08a A=0xf5 IFF1=1 n=11680000
WATCHDOG: PC=0xd6d SP=0xf08e A=0x0 IFF1=1 n=11690000
WATCHDOG: PC=0xd7e SP=0xf08c A=0xfe IFF1=1 n=11700000
WATCHDOG: PC=0xd43 SP=0xf074 A=0xff IFF1=1 n=11710000
WATCHDOG: PC=0xd86 SP=0xf08e A=0x0 IFF1=1 n=11720000
WATCHDOG: PC=0xba2 SP=0xf08a A=0x0 IFF1=1 n=11730000
WATCHDOG: PC=0xd62 SP=0xf08a A=0x7f IFF1=1 n=11740000
WATCHDOG: PC=0xd7e SP=0xf08c A=0xfe IFF1=1 n=11750000
WATCHDOG: PC=0x10dc SP=0xf094 A=0x0 IFF1=1 n=11760000
WATCHDOG: PC=0xd73 SP=0xf08c A=0x0 IFF1=1 n=11770000
WATCHDOG: PC=0xd1c SP=0xf074 A=0xff IFF1=1 n=11780000
WATCHDOG: PC=0xd62 SP=0xf08a A=0x7f IFF1=1 n=11790000
WATCHDOG: PC=0xd6b SP=0xf092 A=0x0 IFF1=1 n=11800000
WATCHDOG: PC=0xd7a SP=0xf08c A=0xfe IFF1=1 n=11810000
WATCHDOG: PC=0xd73 SP=0xf08c A=0x0 IFF1=1 n=11820000
WATCHDOG: PC=0xd69 SP=0xf08a A=0x0 IFF1=1 n=11830000
WATCHDOG: PC=0xd6e SP=0xf08c A=0x0 IFF1=1 n=11840000
WATCHDOG: PC=0xc84 SP=0xf07e A=0x2 IFF1=1 n=11850000
WATCHDOG: PC=0xd7a SP=0xf08c A=0xfe IFF1=1 n=11860000
WATCHDOG: PC=0xd87 SP=0xf090 A=0x0 IFF1=1 n=11870000
WATCHDOG: PC=0xba4 SP=0xf08a A=0x0 IFF1=1 n=11880000
WATCHDOG: PC=0xd6e SP=0xf08c A=0x0 IFF1=1 n=11890000
WATCHDOG: PC=0xd7f SP=0xf08c A=0x7f IFF1=1 n=11900000
WATCHDOG: PC=0x10d9 SP=0xf094 A=0x0 IFF1=1 n=11910000
WATCHDOG: PC=0xd87 SP=0xf090 A=0x0 IFF1=1 n=11920000
WATCHDOG: PC=0xba4 SP=0xf08a A=0x0 IFF1=1 n=11930000
WATCHDOG: PC=0xd65 SP=0xf08a A=0x7f IFF1=1 n=11940000
WATCHDOG: PC=0xd6c SP=0xf090 A=0x0 IFF1=1 n=11950000
WATCHDOG: PC=0x10d9 SP=0xf094 A=0x0 IFF1=1 n=11960000
WATCHDOG: PC=0xd76 SP=0xf08c A=0x1 IFF1=1 n=11970000
WATCHDOG: PC=0xd85 SP=0xf08c A=0x0 IFF1=1 n=11980000
WATCHDOG: PC=0xd65 SP=0xf08a A=0x7f IFF1=1 n=11990000
WATCHDOG: PC=0xd6c SP=0xf090 A=0x0 IFF1=1 n=12000000
WATCHDOG: PC=0xd7d SP=0xf08c A=0xfe IFF1=1 n=12010000
WATCHDOG: PC=0xd88 SP=0xf092 A=0x0 IFF1=1 n=12020000
WATCHDOG: PC=0xd85 SP=0xf08c A=0x0 IFF1=1 n=12030000
WATCHDOG: PC=0xb9f SP=0xf08a A=0x0 IFF1=1 n=12040000
WATCHDOG: PC=0xd82 SP=0xf08c A=0x7f IFF1=1 n=12050000
WATCHDOG: PC=0xd7d SP=0xf08c A=0xfe IFF1=1 n=12060000
WATCHDOG: PC=0xd88 SP=0xf092 A=0x0 IFF1=1 n=12070000
WATCHDOG: PC=0xd71 SP=0xf08c A=0x0 IFF1=1 n=12080000
WATCHDOG: PC=0xd59 SP=0xf07c A=0x0 IFF1=1 n=12090000
WATCHDOG: PC=0xd82 SP=0xf08c A=0x7f IFF1=1 n=12100000
WATCHDOG: PC=0xd6a SP=0xf092 A=0x0 IFF1=1 n=12110000
WATCHDOG: PC=0xd79 SP=0xf08c A=0x1 IFF1=1 n=12120000
WATCHDOG: PC=0xd71 SP=0xf08c A=0x0 IFF1=1 n=12130000
WATCHDOG: PC=0xd68 SP=0xf08a A=0xf5 IFF1=1 n=12140000
WATCHDOG: PC=0xd6d SP=0xf08e A=0x0 IFF1=1 n=12150000
WATCHDOG: PC=0xd5e SP=0xf074 A=0x0 IFF1=1 n=12160000
WATCHDOG: PC=0xd79 SP=0xf08c A=0x1 IFF1=1 n=12170000
WATCHDOG: PC=0xd86 SP=0xf08e A=0x0 IFF1=1 n=12180000
WATCHDOG: PC=0xba2 SP=0xf08a A=0x0 IFF1=1 n=12190000
WATCHDOG: PC=0xd6d SP=0xf08e A=0x0 IFF1=1 n=12200000
WATCHDOG: PC=0xd7e SP=0xf08c A=0xfe IFF1=1 n=12210000
WATCHDOG: PC=0x10dc SP=0xf094 A=0x0 IFF1=1 n=12220000
WATCHDOG: PC=0xd23 SP=0xf072 A=0xff IFF1=1 n=12230000
WATCHDOG: PC=0xba2 SP=0xf08a A=0x0 IFF1=1 n=12240000
WATCHDOG: PC=0xd62 SP=0xf08a A=0x7f IFF1=1 n=12250000
WATCHDOG: PC=0xd6b SP=0xf092 A=0x0 IFF1=1 n=12260000
WATCHDOG: PC=0x10dc SP=0xf094 A=0x0 IFF1=1 n=12270000
WATCHDOG: PC=0xd73 SP=0xf08c A=0x0 IFF1=1 n=12280000
WATCHDOG: PC=0xd69 SP=0xf08a A=0x0 IFF1=1 n=12290000
WATCHDOG: PC=0x1210 SP=0xf074 A=0xf IFF1=0 n=12300000
WATCHDOG: PC=0xd6b SP=0xf092 A=0x0 IFF1=1 n=12310000
WATCHDOG: PC=0xd7a SP=0xf08c A=0xfe IFF1=1 n=12320000
WATCHDOG: PC=0xd87 SP=0xf090 A=0x0 IFF1=1 n=12330000
WATCHDOG: PC=0xd69 SP=0xf08a A=0x0 IFF1=1 n=12340000
WATCHDOG: PC=0xd6e SP=0xf08c A=0x0 IFF1=1 n=12350000
WATCHDOG: PC=0xd7f SP=0xf08c A=0x7f IFF1=1 n=12360000
WATCHDOG: PC=0xd7a SP=0xf08c A=0xfe IFF1=1 n=12370000
WATCHDOG: PC=0xd87 SP=0xf090 A=0x0 IFF1=1 n=12380000
WATCHDOG: PC=0xba4 SP=0xf08a A=0x0 IFF1=1 n=12390000
WATCHDOG: PC=0xd65 SP=0xf08a A=0x7f IFF1=1 n=12400000
WATCHDOG: PC=0xd7f SP=0xf08c A=0x7f IFF1=1 n=12410000
WATCHDOG: PC=0xd6d SP=0xf08e A=0x0 IFF1=1 n=12420000
WATCHDOG: PC=0xd7f SP=0xf08c A=0x7f IFF1=1 n=12430000
WATCHDOG: PC=0x10d9 SP=0xf094 A=0x0 IFF1=1 n=12440000
WATCHDOG: PC=0xd79 SP=0xf08c A=0x0 IFF1=1 n=12450000
WATCHDOG: PC=0xd87 SP=0xf090 A=0x0 IFF1=1 n=12460000
WATCHDOG: PC=0xd71 SP=0xf08c A=0x0 IFF1=1 n=12470000
WATCHDOG: PC=0xd68 SP=0xf08a A=0xf5 IFF1=1 n=12480000
WATCHDOG: PC=0xd82 SP=0xf08c A=0x7f IFF1=1 n=12490000
WATCHDOG: PC=0x10dc SP=0xf094 A=0x0 IFF1=1 n=12500000
WATCHDOG: PC=0xd85 SP=0xf08c A=0x0 IFF1=1 n=12510000
WATCHDOG: PC=0xd6d SP=0xf08e A=0x0 IFF1=1 n=12520000
WATCHDOG: PC=0xd7a SP=0xf08c A=0xfe IFF1=1 n=12530000
WATCHDOG: PC=0xd45 SP=0xf07a A=0xff IFF1=1 n=12540000
WATCHDOG: PC=0xd62 SP=0xf08a A=0x7f IFF1=1 n=12550000
WATCHDOG: PC=0x10d9 SP=0xf094 A=0x0 IFF1=1 n=12560000
WATCHDOG: PC=0xd71 SP=0xf08c A=0x0 IFF1=1 n=12570000
WATCHDOG: PC=0xd88 SP=0xf092 A=0x0 IFF1=1 n=12580000
WATCHDOG: PC=0xd73 SP=0xf08c A=0x0 IFF1=1 n=12590000
WATCHDOG: PC=0xd85 SP=0xf08c A=0x0 IFF1=1 n=12600000
WATCHDOG: PC=0xc86 SP=0xf072 A=0x1 IFF1=1 n=12610000
WATCHDOG: PC=0xd6c SP=0xf090 A=0x0 IFF1=1 n=12620000
WATCHDOG: PC=0xd7e SP=0xf08c A=0xfe IFF1=1 n=12630000
WATCHDOG: PC=0x10d9 SP=0xf094 A=0x0 IFF1=1 n=12640000
WATCHDOG: PC=0xd76 SP=0xf08c A=0x0 IFF1=1 n=12650000
WATCHDOG: PC=0xd86 SP=0xf08e A=0x0 IFF1=1 n=12660000
WATCHDOG: PC=0xba4 SP=0xf08a A=0x0 IFF1=1 n=12670000
WATCHDOG: PC=0xd1d SP=0xf074 A=0x50 IFF1=1 n=12680000
WATCHDOG: PC=0xd6a SP=0xf092 A=0x0 IFF1=1 n=12690000
WATCHDOG: PC=0xd73 SP=0xf08c A=0x0 IFF1=1 n=12700000
WATCHDOG: PC=0xd65 SP=0xf08a A=0x7f IFF1=1 n=12710000
WATCHDOG: PC=0xd7e SP=0xf08c A=0xfe IFF1=1 n=12720000
WATCHDOG: PC=0xd87 SP=0xf090 A=0x0 IFF1=1 n=12730000
WATCHDOG: PC=0xb9f SP=0xf08a A=0x0 IFF1=1 n=12740000
WATCHDOG: PC=0xd6b SP=0xf092 A=0x0 IFF1=1 n=12750000
WATCHDOG: PC=0xd76 SP=0xf08c A=0x0 IFF1=1 n=12760000
WATCHDOG: PC=0xd68 SP=0xf08a A=0xf6 IFF1=1 n=12770000
WATCHDOG: PC=0xd97 SP=0xf06e A=0x80 IFF1=1 n=12780000
WATCHDOG: PC=0xd88 SP=0xf092 A=0x0 IFF1=1 n=12790000
WATCHDOG: PC=0xba2 SP=0xf08a A=0x0 IFF1=1 n=12800000
WATCHDOG: PC=0xd7f SP=0xf08c A=0x7f IFF1=1 n=12810000
WATCHDOG: PC=0xd79 SP=0xf08c A=0x0 IFF1=1 n=12820000
WATCHDOG: PC=0xd69 SP=0xf08a A=0x0 IFF1=1 n=12830000
WATCHDOG: PC=0xd6c SP=0xf090 A=0x0 IFF1=1 n=12840000
WATCHDOG: PC=0xd40 SP=0xf07a A=0x0 IFF1=1 n=12850000
WATCHDOG: PC=0xba4 SP=0xf08a A=0x0 IFF1=1 n=12860000
WATCHDOG: PC=0xd88 SP=0xf092 A=0x0 IFF1=1 n=12870000
WATCHDOG: PC=0xd73 SP=0xf08c A=0x0 IFF1=1 n=12880000
WATCHDOG: PC=0xd69 SP=0xf08a A=0x0 IFF1=1 n=12890000
WATCHDOG: PC=0xb9f SP=0xf08a A=0x0 IFF1=1 n=12900000
WATCHDOG: PC=0xd62 SP=0xf08a A=0x7f IFF1=1 n=12910000
WATCHDOG: PC=0xd6b SP=0xf092 A=0x0 IFF1=1 n=12920000
WATCHDOG: PC=0xd7d SP=0xf08c A=0xfe IFF1=1 n=12930000
WATCHDOG: PC=0xd79 SP=0xf08c A=0x1 IFF1=1 n=12940000
WATCHDOG: PC=0xd86 SP=0xf08e A=0x0 IFF1=1 n=12950000
WATCHDOG: PC=0xd68 SP=0xf08a A=0xf6 IFF1=1 n=12960000
WATCHDOG: PC=0xd6d SP=0xf08e A=0x0 IFF1=1 n=12970000
WATCHDOG: PC=0xd7e SP=0xf08c A=0xfe IFF1=1 n=12980000
WATCHDOG: PC=0xd79 SP=0xf08c A=0x1 IFF1=1 n=12990000
WATCHDOG: PC=0xd86 SP=0xf08e A=0x0 IFF1=1 n=13000000
WATCHDOG: PC=0xba2 SP=0xf08a A=0x0 IFF1=1 n=13010000
WATCHDOG: PC=0xd62 SP=0xf08a A=0x7f IFF1=1 n=13020000
WATCHDOG: PC=0xd7e SP=0xf08c A=0xfe IFF1=1 n=13030000
WATCHDOG: PC=0x10dc SP=0xf094 A=0x0 IFF1=1 n=13040000
WATCHDOG: PC=0xd76 SP=0xf08c A=0x1 IFF1=1 n=13050000
WATCHDOG: PC=0xd85 SP=0xf08c A=0x0 IFF1=1 n=13060000
WATCHDOG: PC=0xd85 SP=0xf08c A=0x0 IFF1=1 n=13070000
WATCHDOG: PC=0xba2 SP=0xf08a A=0x0 IFF1=1 n=13080000
WATCHDOG: PC=0x1217 SP=0xf078 A=0x8f IFF1=0 n=13090000
WATCHDOG: PC=0xd6c SP=0xf090 A=0x0 IFF1=1 n=13100000
WATCHDOG: PC=0xd7e SP=0xf08c A=0xfe IFF1=1 n=13110000
WATCHDOG: PC=0x10d9 SP=0xf094 A=0x0 IFF1=1 n=13120000
WATCHDOG: PC=0xd76 SP=0xf08c A=0x1 IFF1=1 n=13130000
WATCHDOG: PC=0xd71 SP=0xf08c A=0x0 IFF1=1 n=13140000
WATCHDOG: PC=0xd68 SP=0xf08a A=0xf7 IFF1=1 n=13150000
WATCHDOG: PC=0xcb7 SP=0xf074 A=0x0 IFF1=1 n=13160000
WATCHDOG: PC=0xd6a SP=0xf092 A=0x0 IFF1=1 n=13170000
WATCHDOG: PC=0xd79 SP=0xf08c A=0x1 IFF1=1 n=13180000
WATCHDOG: PC=0xd86 SP=0xf08e A=0x0 IFF1=1 n=13190000
WATCHDOG: PC=0xd68 SP=0xf08a A=0xf7 IFF1=1 n=13200000
WATCHDOG: PC=0xd6d SP=0xf08e A=0x0 IFF1=1 n=13210000
WATCHDOG: PC=0xd7e SP=0xf08c A=0xfe IFF1=1 n=13220000
WATCHDOG: PC=0xc43 SP=0xf082 A=0x0 IFF1=0 n=13230000
WATCHDOG: PC=0xd86 SP=0xf08e A=0x0 IFF1=1 n=13240000
WATCHDOG: PC=0xba2 SP=0xf08a A=0x0 IFF1=1 n=13250000
WATCHDOG: PC=0xd62 SP=0xf08a A=0x7f IFF1=1 n=13260000
WATCHDOG: PC=0xd7e SP=0xf08c A=0xfe IFF1=1 n=13270000
WATCHDOG: PC=0x10dc SP=0xf094 A=0x0 IFF1=1 n=13280000
WATCHDOG: PC=0xd73 SP=0xf08c A=0x0 IFF1=1 n=13290000
WATCHDOG: PC=0xba2 SP=0xf08a A=0x0 IFF1=1 n=13300000
WATCHDOG: PC=0xd62 SP=0xf08a A=0x7f IFF1=1 n=13310000
WATCHDOG: PC=0xd6b SP=0xf092 A=0x0 IFF1=1 n=13320000
WATCHDOG: PC=0xd7a SP=0xf08c A=0xfe IFF1=1 n=13330000
WATCHDOG: PC=0xd73 SP=0xf08c A=0x0 IFF1=1 n=13340000
WATCHDOG: PC=0xd69 SP=0xf08a A=0x0 IFF1=1 n=13350000
WATCHDOG: PC=0xd6e SP=0xf08c A=0x0 IFF1=1 n=13360000
WATCHDOG: PC=0xd6b SP=0xf092 A=0x0 IFF1=1 n=13370000
WATCHDOG: PC=0xd7a SP=0xf08c A=0xfe IFF1=1 n=13380000
WATCHDOG: PC=0xd87 SP=0xf090 A=0x0 IFF1=1 n=13390000
WATCHDOG: PC=0xd07 SP=0xf07a A=0x0 IFF1=1 n=13400000
WATCHDOG: PC=0xd6e SP=0xf08c A=0x0 IFF1=1 n=13410000
WATCHDOG: PC=0xd7f SP=0xf08c A=0x7f IFF1=1 n=13420000
WATCHDOG: PC=0x10d9 SP=0xf094 A=0x0 IFF1=1 n=13430000
WATCHDOG: PC=0xd6a SP=0xf092 A=0x0 IFF1=1 n=13440000
WATCHDOG: PC=0xd7a SP=0xf08c A=0xfe IFF1=1 n=13450000
WATCHDOG: PC=0xd88 SP=0xf092 A=0x0 IFF1=1 n=13460000
WATCHDOG: PC=0xd43 SP=0xf072 A=0xff IFF1=1 n=13470000
WATCHDOG: PC=0xd69 SP=0xf08a A=0x0 IFF1=1 n=13480000
WATCHDOG: PC=0xb9f SP=0xf08a A=0x0 IFF1=1 n=13490000
WATCHDOG: PC=0xd62 SP=0xf08a A=0x7f IFF1=1 n=13500000
WATCHDOG: PC=0xd7d SP=0xf08c A=0xfe IFF1=1 n=13510000
WATCHDOG: PC=0xd7f SP=0xf08c A=0x7f IFF1=1 n=13520000
WATCHDOG: PC=0xd6a SP=0xf092 A=0x0 IFF1=1 n=13530000
WATCHDOG: PC=0xcae SP=0xf072 A=0xff IFF1=1 n=13540000
WATCHDOG: PC=0xd71 SP=0xf08c A=0x0 IFF1=1 n=13550000
WATCHDOG: PC=0xd69 SP=0xf08a A=0x0 IFF1=1 n=13560000
WATCHDOG: PC=0xb9f SP=0xf08a A=0x0 IFF1=1 n=13570000
WATCHDOG: PC=0xd82 SP=0xf08c A=0x7f IFF1=1 n=13580000
WATCHDOG: PC=0xd6b SP=0xf092 A=0x0 IFF1=1 n=13590000
WATCHDOG: PC=0xd7d SP=0xf08c A=0xfe IFF1=1 n=13600000
WATCHDOG: PC=0xd2a SP=0xf076 A=0x0 IFF1=1 n=13610000
WATCHDOG: PC=0xd85 SP=0xf08c A=0x0 IFF1=1 n=13620000
WATCHDOG: PC=0xd6d SP=0xf08e A=0x0 IFF1=1 n=13630000
WATCHDOG: PC=0xd7a SP=0xf08c A=0xfe IFF1=1 n=13640000
WATCHDOG: PC=0xd71 SP=0xf08c A=0x0 IFF1=1 n=13650000
WATCHDOG: PC=0xd62 SP=0xf08a A=0x7f IFF1=1 n=13660000
WATCHDOG: PC=0x10d9 SP=0xf094 A=0x0 IFF1=1 n=13670000
WATCHDOG: PC=0xd86 SP=0xf08e A=0x0 IFF1=1 n=13680000
WATCHDOG: PC=0xd6e SP=0xf08c A=0x0 IFF1=1 n=13690000
WATCHDOG: PC=0xd7d SP=0xf08c A=0xfe IFF1=1 n=13700000
WATCHDOG: PC=0xd86 SP=0xf08e A=0x0 IFF1=1 n=13710000
WATCHDOG: PC=0xd65 SP=0xf08a A=0x7f IFF1=1 n=13720000
WATCHDOG: PC=0xd6a SP=0xf092 A=0x0 IFF1=1 n=13730000
WATCHDOG: PC=0xd73 SP=0xf08c A=0x0 IFF1=1 n=13740000
WATCHDOG: PC=0xb9f SP=0xf08a A=0x0 IFF1=1 n=13750000
WATCHDOG: PC=0xd7e SP=0xf08c A=0xfe IFF1=1 n=13760000
WATCHDOG: PC=0xd87 SP=0xf090 A=0x0 IFF1=1 n=13770000
WATCHDOG: PC=0xd5f SP=0xf072 A=0x0 IFF1=1 n=13780000
WATCHDOG: PC=0xd6b SP=0xf092 A=0x0 IFF1=1 n=13790000
WATCHDOG: PC=0xd76 SP=0xf08c A=0x0 IFF1=1 n=13800000
WATCHDOG: PC=0xd7f SP=0xf08c A=0x7f IFF1=1 n=13810000
WATCHDOG: PC=0x10d9 SP=0xf094 A=0x0 IFF1=1 n=13820000
WATCHDOG: PC=0xd79 SP=0xf08c A=0x1 IFF1=1 n=13830000
WATCHDOG: PC=0xd87 SP=0xf090 A=0x0 IFF1=1 n=13840000
WATCHDOG: PC=0xc84 SP=0xf076 A=0x1 IFF1=1 n=13850000
WATCHDOG: PC=0xd68 SP=0xf08a A=0xf8 IFF1=1 n=13860000
WATCHDOG: PC=0xd6e SP=0xf08c A=0x0 IFF1=1 n=13870000
WATCHDOG: PC=0xd7f SP=0xf08c A=0x7f IFF1=1 n=13880000
WATCHDOG: PC=0xd7a SP=0xf08c A=0xfe IFF1=1 n=13890000
WATCHDOG: PC=0xd87 SP=0xf090 A=0x0 IFF1=1 n=13900000
WATCHDOG: PC=0xba4 SP=0xf08a A=0x0 IFF1=1 n=13910000
WATCHDOG: PC=0x38 SP=0xf08a A=0x0 IFF1=0 n=13920000
WATCHDOG: PC=0xd7f SP=0xf08c A=0x7f IFF1=1 n=13930000
WATCHDOG: PC=0x10d9 SP=0xf094 A=0x0 IFF1=1 n=13940000
WATCHDOG: PC=0xd76 SP=0xf08c A=0x1 IFF1=1 n=13950000
WATCHDOG: PC=0xba4 SP=0xf08a A=0x0 IFF1=1 n=13960000
WATCHDOG: PC=0xd65 SP=0xf08a A=0x7f IFF1=1 n=13970000
WATCHDOG: PC=0xd6c SP=0xf090 A=0x0 IFF1=1 n=13980000
WATCHDOG: PC=0x10d9 SP=0xf094 A=0x0 IFF1=1 n=13990000
WATCHDOG: PC=0xd76 SP=0xf08c A=0x1 IFF1=1 n=14000000
WATCHDOG: PC=0xd85 SP=0xf08c A=0x0 IFF1=1 n=14010000
WATCHDOG: PC=0xb9f SP=0xf08a A=0x0 IFF1=1 n=14020000
WATCHDOG: PC=0xd6c SP=0xf090 A=0x0 IFF1=1 n=14030000
WATCHDOG: PC=0xd7d SP=0xf08c A=0xfe IFF1=1 n=14040000
WATCHDOG: PC=0xd88 SP=0xf092 A=0x0 IFF1=1 n=14050000
WATCHDOG: PC=0xd85 SP=0xf08c A=0x0 IFF1=1 n=14060000
WATCHDOG: PC=0xb9f SP=0xf08a A=0x0 IFF1=1 n=14070000
WATCHDOG: PC=0xd82 SP=0xf08c A=0x7f IFF1=1 n=14080000
WATCHDOG: PC=0xd62 SP=0xf072 A=0x0 IFF1=1 n=14090000
WATCHDOG: PC=0xd88 SP=0xf092 A=0x0 IFF1=1 n=14100000
WATCHDOG: PC=0xd71 SP=0xf08c A=0x0 IFF1=1 n=14110000
WATCHDOG: PC=0xd68 SP=0xf08a A=0xf8 IFF1=1 n=14120000
WATCHDOG: PC=0xd82 SP=0xf08c A=0x7f IFF1=1 n=14130000
WATCHDOG: PC=0xd6a SP=0xf092 A=0x0 IFF1=1 n=14140000
WATCHDOG: PC=0xd79 SP=0xf08c A=0x1 IFF1=1 n=14150000
WATCHDOG: PC=0xd68 SP=0xf078 A=0xf8 IFF1=1 n=14160000
WATCHDOG: PC=0xd68 SP=0xf08a A=0xf8 IFF1=1 n=14170000
WATCHDOG: PC=0xd6d SP=0xf08e A=0x0 IFF1=1 n=14180000
WATCHDOG: PC=0xd7e SP=0xf08c A=0xfe IFF1=1 n=14190000
WATCHDOG: PC=0xd79 SP=0xf08c A=0x1 IFF1=1 n=14200000
WATCHDOG: PC=0xd86 SP=0xf08e A=0x0 IFF1=1 n=14210000
WATCHDOG: PC=0xba2 SP=0xf08a A=0x0 IFF1=1 n=14220000
WATCHDOG: PC=0xd45 SP=0xf074 A=0xff IFF1=1 n=14230000
WATCHDOG: PC=0xd7e SP=0xf08c A=0xfe IFF1=1 n=14240000
WATCHDOG: PC=0x10dc SP=0xf094 A=0x0 IFF1=1 n=14250000
WATCHDOG: PC=0xd73 SP=0xf08c A=0x0 IFF1=1 n=14260000
WATCHDOG: PC=0xba2 SP=0xf08a A=0x0 IFF1=1 n=14270000
WATCHDOG: PC=0xd6c SP=0xf090 A=0x0 IFF1=1 n=14280000
WATCHDOG: PC=0xd7e SP=0xf08c A=0xfe IFF1=1 n=14290000
WATCHDOG: PC=0xca4 SP=0xf074 A=0xff IFF1=1 n=14300000
WATCHDOG: PC=0xd6b SP=0xf092 A=0x0 IFF1=1 n=14310000
WATCHDOG: PC=0xd7d SP=0xf08c A=0xfe IFF1=1 n=14320000
WATCHDOG: PC=0xba4 SP=0xf090 A=0x0 IFF1=1 n=14330000
WATCHDOG: PC=0xd69 SP=0xf08a A=0x0 IFF1=1 n=14340000
WATCHDOG: PC=0xd87 SP=0xf090 A=0x0 IFF1=1 n=14350000
WATCHDOG: PC=0xd71 SP=0xf08c A=0x0 IFF1=1 n=14360000
WATCHDOG: PC=0x120d SP=0xf078 A=0x0 IFF1=1 n=14370000
WATCHDOG: PC=0xd6e SP=0xf08c A=0x0 IFF1=1 n=14380000
WATCHDOG: PC=0xd82 SP=0xf08c A=0x7f IFF1=1 n=14390000
WATCHDOG: PC=0xd6b SP=0xf092 A=0x0 IFF1=1 n=14400000
WATCHDOG: PC=0xd7a SP=0xf08c A=0xfe IFF1=1 n=14410000
WATCHDOG: PC=0xd76 SP=0xf08c A=0x1 IFF1=1 n=14420000
WATCHDOG: PC=0xd85 SP=0xf08c A=0x0 IFF1=1 n=14430000
WATCHDOG: PC=0x1217 SP=0xf07a A=0x8f IFF1=0 n=14440000
WATCHDOG: PC=0xd6c SP=0xf090 A=0x0 IFF1=1 n=14450000
WATCHDOG: PC=0xd7d SP=0xf08c A=0xfe IFF1=1 n=14460000
WATCHDOG: PC=0xd88 SP=0xf092 A=0x0 IFF1=1 n=14470000
WATCHDOG: PC=0xd85 SP=0xf08c A=0x0 IFF1=1 n=14480000
WATCHDOG: PC=0xb9f SP=0xf08a A=0x0 IFF1=1 n=14490000
WATCHDOG: PC=0xd7e SP=0xf08c A=0xfe IFF1=1 n=14500000
WATCHDOG: PC=0x10dc SP=0xf094 A=0x0 IFF1=1 n=14510000
WATCHDOG: PC=0xd6b SP=0xf092 A=0x0 IFF1=1 n=14520000
WATCHDOG: PC=0xd7d SP=0xf08c A=0xfe IFF1=1 n=14530000
WATCHDOG: PC=0x10dc SP=0xf094 A=0x0 IFF1=1 n=14540000
WATCHDOG: PC=0xd73 SP=0xf08c A=0x0 IFF1=1 n=14550000
WATCHDOG: PC=0xd85 SP=0xf08c A=0x0 IFF1=1 n=14560000
WATCHDOG: PC=0xba2 SP=0xf08a A=0x0 IFF1=1 n=14570000
WATCHDOG: PC=0xd62 SP=0xf08a A=0x7f IFF1=1 n=14580000
WATCHDOG: PC=0xd7f SP=0xf08c A=0x7f IFF1=1 n=14590000
WATCHDOG: PC=0x10d9 SP=0xf094 A=0x0 IFF1=1 n=14600000
WATCHDOG: PC=0xd76 SP=0xf08c A=0x1 IFF1=1 n=14610000
WATCHDOG: PC=0xba4 SP=0xf08a A=0x0 IFF1=1 n=14620000
WATCHDOG: PC=0xd65 SP=0xf08a A=0x7f IFF1=1 n=14630000
WATCHDOG: PC=0xd6c SP=0xf090 A=0x0 IFF1=1 n=14640000
WATCHDOG: PC=0x10d9 SP=0xf094 A=0x0 IFF1=1 n=14650000
WATCHDOG: PC=0xd76 SP=0xf08c A=0x1 IFF1=1 n=14660000
WATCHDOG: PC=0xd85 SP=0xf08c A=0x0 IFF1=1 n=14670000
WATCHDOG: PC=0xb9f SP=0xf08a A=0x0 IFF1=1 n=14680000
WATCHDOG: PC=0xd6c SP=0xf090 A=0x0 IFF1=1 n=14690000
WATCHDOG: PC=0xd7d SP=0xf08c A=0xfe IFF1=1 n=14700000
WATCHDOG: PC=0xd88 SP=0xf092 A=0x0 IFF1=1 n=14710000
WATCHDOG: PC=0xd85 SP=0xf08c A=0x0 IFF1=1 n=14720000
WATCHDOG: PC=0xb9f SP=0xf08a A=0x0 IFF1=1 n=14730000
WATCHDOG: PC=0xd82 SP=0xf08c A=0x7f IFF1=1 n=14740000
WATCHDOG: PC=0xd45 SP=0xf076 A=0xff IFF1=1 n=14750000
WATCHDOG: PC=0xd6c SP=0xf090 A=0x0 IFF1=1 n=14760000
WATCHDOG: PC=0xd7e SP=0xf08c A=0xfe IFF1=1 n=14770000
WATCHDOG: PC=0x10d9 SP=0xf094 A=0x0 IFF1=1 n=14780000
WATCHDOG: PC=0xd76 SP=0xf08c A=0x0 IFF1=1 n=14790000
WATCHDOG: PC=0xd86 SP=0xf08e A=0x0 IFF1=1 n=14800000
WATCHDOG: PC=0xba4 SP=0xf08a A=0x0 IFF1=1 n=14810000
WATCHDOG: PC=0xd57 SP=0xf07c A=0xff IFF1=1 n=14820000
WATCHDOG: PC=0xd7a SP=0xf08c A=0xfe IFF1=1 n=14830000
WATCHDOG: PC=0xd85 SP=0xf08c A=0x0 IFF1=1 n=14840000
WATCHDOG: PC=0xd6d SP=0xf08e A=0x0 IFF1=1 n=14850000
WATCHDOG: PC=0x10d9 SP=0xf094 A=0x0 IFF1=1 n=14860000
WATCHDOG: PC=0xd71 SP=0xf08c A=0x0 IFF1=1 n=14870000
WATCHDOG: PC=0xd62 SP=0xf08a A=0x7f IFF1=1 n=14880000
WATCHDOG: PC=0xc53 SP=0xf078 A=0x80 IFF1=0 n=14890000
WATCHDOG: PC=0xd86 SP=0xf08e A=0x0 IFF1=1 n=14900000
WATCHDOG: PC=0xd88 SP=0xf092 A=0x0 IFF1=1 n=14910000
WATCHDOG: PC=0xd73 SP=0xf08c A=0x0 IFF1=1 n=14920000
WATCHDOG: PC=0xb9f SP=0xf08a A=0x0 IFF1=1 n=14930000
WATCHDOG: PC=0xd62 SP=0xf08a A=0x7f IFF1=1 n=14940000
WATCHDOG: PC=0xd6c SP=0xf090 A=0x0 IFF1=1 n=14950000
WATCHDOG: PC=0xd7d SP=0xf08c A=0xfe IFF1=1 n=14960000
WATCHDOG: PC=0x10dc SP=0xf094 A=0x0 IFF1=1 n=14970000
WATCHDOG: PC=0xd76 SP=0xf08c A=0x0 IFF1=1 n=14980000
WATCHDOG: PC=0xd86 SP=0xf08e A=0x0 IFF1=1 n=14990000
WATCHDOG: PC=0xd65 SP=0xf08a A=0x7f IFF1=1 n=15000000
WATCHDOG: PC=0xd71 SP=0xf08c A=0x0 IFF1=1 n=15010000
WATCHDOG: PC=0xd69 SP=0xf08a A=0x0 IFF1=1 n=15020000
WATCHDOG: PC=0xd6e SP=0xf08c A=0x0 IFF1=1 n=15030000
WATCHDOG: PC=0xd82 SP=0xf08c A=0x7f IFF1=1 n=15040000
WATCHDOG: PC=0xd6b SP=0xf092 A=0x0 IFF1=1 n=15050000
WATCHDOG: PC=0xd7d SP=0xf08c A=0xfe IFF1=1 n=15060000
WATCHDOG: PC=0xd88 SP=0xf092 A=0x0 IFF1=1 n=15070000
WATCHDOG: PC=0xd86 SP=0xf08e A=0x0 IFF1=1 n=15080000
WATCHDOG: PC=0xba2 SP=0xf08a A=0x0 IFF1=1 n=15090000
WATCHDOG: PC=0xd6d SP=0xf08e A=0x0 IFF1=1 n=15100000
WATCHDOG: PC=0xd7e SP=0xf08c A=0xfe IFF1=1 n=15110000
WATCHDOG: PC=0x10dc SP=0xf094 A=0x0 IFF1=1 n=15120000
WATCHDOG: PC=0xd57 SP=0xf074 A=0xff IFF1=1 n=15130000
WATCHDOG: PC=0xba2 SP=0xf08a A=0x0 IFF1=1 n=15140000
WATCHDOG: PC=0xd62 SP=0xf08a A=0x7f IFF1=1 n=15150000
WATCHDOG: PC=0xd6b SP=0xf092 A=0x0 IFF1=1 n=15160000
WATCHDOG: PC=0x10dc SP=0xf094 A=0x0 IFF1=1 n=15170000
WATCHDOG: PC=0xd73 SP=0xf08c A=0x0 IFF1=1 n=15180000
WATCHDOG: PC=0x7f0 SP=0xf08e A=0xb4 IFF1=0 n=15190000
WATCHDOG: PC=0xfef8 SP=0xf09c A=0x0 IFF1=1 n=15200000
WATCHDOG: PC=0xd86 SP=0xf08e A=0x0 IFF1=1 n=15210000
WATCHDOG: PC=0xd6d SP=0xf08e A=0x0 IFF1=1 n=15220000
WATCHDOG: PC=0xd65 SP=0xf08a A=0x7f IFF1=1 n=15230000
WATCHDOG: PC=0xd79 SP=0xf08c A=0x1 IFF1=1 n=15240000
WATCHDOG: PC=0xd6e SP=0xf08c A=0x0 IFF1=1 n=15250000
WATCHDOG: PC=0xd68 SP=0xf08a A=0xfd IFF1=1 n=15260000
WATCHDOG: PC=0xd7a SP=0xf08c A=0xfe IFF1=1 n=15270000
WATCHDOG: PC=0xb9f SP=0xf08a A=0x0 IFF1=1 n=15280000
WATCHDOG: PC=0xd5f SP=0xf076 A=0x0 IFF1=1 n=15290000
WATCHDOG: PC=0xd7a SP=0xf08c A=0xfe IFF1=1 n=15300000
WATCHDOG: PC=0xd6e SP=0xf08c A=0x0 IFF1=1 n=15310000
WATCHDOG: PC=0xd87 SP=0xf090 A=0x0 IFF1=1 n=15320000
WATCHDOG: PC=0xd88 SP=0xf092 A=0x0 IFF1=1 n=15330000
WATCHDOG: PC=0xd82 SP=0xf08c A=0x7f IFF1=1 n=15340000
WATCHDOG: PC=0xd73 SP=0xf08c A=0x0 IFF1=1 n=15350000
WATCHDOG: PC=0xd1c SP=0xf076 A=0xff IFF1=1 n=15360000
WATCHDOG: PC=0xd6c SP=0xf090 A=0x0 IFF1=1 n=15370000
WATCHDOG: PC=0xd85 SP=0xf08c A=0x0 IFF1=1 n=15380000
WATCHDOG: PC=0xd7d SP=0xf08c A=0xfe IFF1=1 n=15390000
WATCHDOG: PC=0xd7e SP=0xf08c A=0xfe IFF1=1 n=15400000
WATCHDOG: PC=0xba2 SP=0xf08a A=0x0 IFF1=1 n=15410000
WATCHDOG: PC=0x10dc SP=0xf094 A=0x0 IFF1=1 n=15420000
WATCHDOG: PC=0x1478 SP=0xf06a A=0x0 IFF1=1 n=15430000
WATCHDOG: PC=0xd65 SP=0xf08a A=0x7f IFF1=1 n=15440000
WATCHDOG: PC=0xd76 SP=0xf08c A=0x1 IFF1=1 n=15450000
WATCHDOG: PC=0xd6c SP=0xf090 A=0x0 IFF1=1 n=15460000
WATCHDOG: PC=0xd6d SP=0xf08e A=0x0 IFF1=1 n=15470000
WATCHDOG: PC=0xd86 SP=0xf08e A=0x0 IFF1=1 n=15480000
WATCHDOG: PC=0xd7e SP=0xf08c A=0xfe IFF1=1 n=15490000
WATCHDOG: PC=0xd82 SP=0xf08c A=0x7f IFF1=1 n=15500000
WATCHDOG: PC=0xd71 SP=0xf08c A=0x0 IFF1=1 n=15510000
WATCHDOG: PC=0xd6a SP=0xf092 A=0x0 IFF1=1 n=15520000
WATCHDOG: PC=0xd59 SP=0xf07c A=0x0 IFF1=1 n=15530000
WATCHDOG: PC=0xd69 SP=0xf08a A=0x0 IFF1=1 n=15540000
WATCHDOG: PC=0xd7a SP=0xf08c A=0xfe IFF1=1 n=15550000
WATCHDOG: PC=0xd6e SP=0xf08c A=0x0 IFF1=1 n=15560000
WATCHDOG: PC=0xb9f SP=0xf08a A=0x0 IFF1=1 n=15570000
WATCHDOG: PC=0xd88 SP=0xf092 A=0x0 IFF1=1 n=15580000
WATCHDOG: PC=0xd82 SP=0xf08c A=0x7f IFF1=1 n=15590000
WATCHDOG: PC=0xd5e SP=0xf078 A=0x0 IFF1=1 n=15600000
WATCHDOG: PC=0xd73 SP=0xf08c A=0x0 IFF1=1 n=15610000
WATCHDOG: PC=0xd6b SP=0xf092 A=0x0 IFF1=1 n=15620000
WATCHDOG: PC=0xd69 SP=0xf08a A=0x0 IFF1=1 n=15630000
WATCHDOG: PC=0xd85 SP=0xf08c A=0x0 IFF1=1 n=15640000
WATCHDOG: PC=0xd6d SP=0xf08e A=0x0 IFF1=1 n=15650000
WATCHDOG: PC=0xd7e SP=0xf08c A=0xfe IFF1=1 n=15660000
WATCHDOG: PC=0xd24 SP=0xf074 A=0xff IFF1=1 n=15670000
WATCHDOG: PC=0xd86 SP=0xf08e A=0x0 IFF1=1 n=15680000
WATCHDOG: PC=0xba2 SP=0xf08a A=0x0 IFF1=1 n=15690000
WATCHDOG: PC=0xd62 SP=0xf08a A=0x7f IFF1=1 n=15700000
WATCHDOG: PC=0xd7e SP=0xf08c A=0xfe IFF1=1 n=15710000
WATCHDOG: PC=0x10dc SP=0xf094 A=0x0 IFF1=1 n=15720000
WATCHDOG: PC=0xd73 SP=0xf08c A=0x0 IFF1=1 n=15730000
WATCHDOG: PC=0xc8b SP=0xf07e A=0x2 IFF1=1 n=15740000
WATCHDOG: PC=0xd62 SP=0xf08a A=0x7f IFF1=1 n=15750000
WATCHDOG: PC=0xd6b SP=0xf092 A=0x0 IFF1=1 n=15760000
WATCHDOG: PC=0xd7a SP=0xf08c A=0xfe IFF1=1 n=15770000
WATCHDOG: PC=0xd73 SP=0xf08c A=0x0 IFF1=1 n=15780000
WATCHDOG: PC=0xd69 SP=0xf08a A=0x0 IFF1=1 n=15790000
WATCHDOG: PC=0xd6e SP=0xf08c A=0x0 IFF1=1 n=15800000
WATCHDOG: PC=0xd6b SP=0xf092 A=0x0 IFF1=1 n=15810000
WATCHDOG: PC=0xd7a SP=0xf08c A=0xfe IFF1=1 n=15820000
WATCHDOG: PC=0xd87 SP=0xf090 A=0x0 IFF1=1 n=15830000
WATCHDOG: PC=0xba4 SP=0xf08a A=0x0 IFF1=1 n=15840000
WATCHDOG: PC=0xd6e SP=0xf08c A=0x0 IFF1=1 n=15850000
WATCHDOG: PC=0xd7f SP=0xf08c A=0x7f IFF1=1 n=15860000
WATCHDOG: PC=0x10d9 SP=0xf094 A=0x0 IFF1=1 n=15870000
WATCHDOG: PC=0xd87 SP=0xf090 A=0x0 IFF1=1 n=15880000
WATCHDOG: PC=0xba4 SP=0xf08a A=0x0 IFF1=1 n=15890000
WATCHDOG: PC=0xd65 SP=0xf08a A=0x7f IFF1=1 n=15900000
WATCHDOG: PC=0xd6c SP=0xf090 A=0x0 IFF1=1 n=15910000
WATCHDOG: PC=0x10d9 SP=0xf094 A=0x0 IFF1=1 n=15920000
WATCHDOG: PC=0xd76 SP=0xf08c A=0x1 IFF1=1 n=15930000
WATCHDOG: PC=0xd85 SP=0xf08c A=0x0 IFF1=1 n=15940000
WATCHDOG: PC=0xd65 SP=0xf08a A=0x7f IFF1=1 n=15950000
WATCHDOG: PC=0xd6c SP=0xf090 A=0x0 IFF1=1 n=15960000
WATCHDOG: PC=0xd7d SP=0xf08c A=0xfe IFF1=1 n=15970000
WATCHDOG: PC=0xd56 SP=0xf07a A=0x0 IFF1=1 n=15980000
WATCHDOG: PC=0xd85 SP=0xf08c A=0x0 IFF1=1 n=15990000
WATCHDOG: PC=0xb9f SP=0xf08a A=0x0 IFF1=1 n=16000000
WATCHDOG: PC=0xd82 SP=0xf08c A=0x7f IFF1=1 n=16010000
WATCHDOG: PC=0xd7d SP=0xf08c A=0xfe IFF1=1 n=16020000
WATCHDOG: PC=0xd88 SP=0xf092 A=0x0 IFF1=1 n=16030000
WATCHDOG: PC=0xd71 SP=0xf08c A=0x0 IFF1=1 n=16040000
WATCHDOG: PC=0xd59 SP=0xf072 A=0x0 IFF1=1 n=16050000
WATCHDOG: PC=0xd82 SP=0xf08c A=0x7f IFF1=1 n=16060000
WATCHDOG: PC=0xd6a SP=0xf092 A=0x0 IFF1=1 n=16070000
WATCHDOG: PC=0xd79 SP=0xf08c A=0x1 IFF1=1 n=16080000
WATCHDOG: PC=0xd71 SP=0xf08c A=0x0 IFF1=1 n=16090000
WATCHDOG: PC=0xd68 SP=0xf08a A=0xfd IFF1=1 n=16100000
WATCHDOG: PC=0xd6d SP=0xf08e A=0x0 IFF1=1 n=16110000
WATCHDOG: PC=0xd21 SP=0xf072 A=0xff IFF1=1 n=16120000
WATCHDOG: PC=0xd79 SP=0xf08c A=0x1 IFF1=1 n=16130000
WATCHDOG: PC=0xd86 SP=0xf08e A=0x0 IFF1=1 n=16140000
WATCHDOG: PC=0xba2 SP=0xf08a A=0x0 IFF1=1 n=16150000
WATCHDOG: PC=0xd6d SP=0xf08e A=0x0 IFF1=1 n=16160000
WATCHDOG: PC=0xd7e SP=0xf08c A=0xfe IFF1=1 n=16170000
WATCHDOG: PC=0x10dc SP=0xf094 A=0x0 IFF1=1 n=16180000
WATCHDOG: PC=0x1215 SP=0xf074 A=0x8f IFF1=0 n=16190000
WATCHDOG: PC=0xba2 SP=0xf08a A=0x0 IFF1=1 n=16200000
WATCHDOG: PC=0xd62 SP=0xf08a A=0x7f IFF1=1 n=16210000
WATCHDOG: PC=0xd6b SP=0xf092 A=0x0 IFF1=1 n=16220000
WATCHDOG: PC=0x10dc SP=0xf094 A=0x0 IFF1=1 n=16230000
WATCHDOG: PC=0xd73 SP=0xf08c A=0x0 IFF1=1 n=16240000
WATCHDOG: PC=0xd69 SP=0xf08a A=0x0 IFF1=1 n=16250000
WATCHDOG: PC=0xd62 SP=0xf08a A=0x7f IFF1=1 n=16260000
WATCHDOG: PC=0xd6b SP=0xf092 A=0x0 IFF1=1 n=16270000
WATCHDOG: PC=0xd7a SP=0xf08c A=0xfe IFF1=1 n=16280000
WATCHDOG: PC=0xd87 SP=0xf090 A=0x0 IFF1=1 n=16290000
WATCHDOG: PC=0xd69 SP=0xf08a A=0x0 IFF1=1 n=16300000
WATCHDOG: PC=0xd6e SP=0xf08c A=0x0 IFF1=1 n=16310000
WATCHDOG: PC=0xd7f SP=0xf08c A=0x7f IFF1=1 n=16320000
WATCHDOG: PC=0xd7a SP=0xf08c A=0xfe IFF1=1 n=16330000
WATCHDOG: PC=0xd87 SP=0xf090 A=0x0 IFF1=1 n=16340000
WATCHDOG: PC=0xba4 SP=0xf08a A=0x0 IFF1=1 n=16350000
WATCHDOG: PC=0xd65 SP=0xf08a A=0x7f IFF1=1 n=16360000
WATCHDOG: PC=0xd7f SP=0xf08c A=0x7f IFF1=1 n=16370000
WATCHDOG: PC=0x10d9 SP=0xf094 A=0x0 IFF1=1 n=16380000
WATCHDOG: PC=0xd76 SP=0xf08c A=0x1 IFF1=1 n=16390000
WATCHDOG: PC=0xba4 SP=0xf08a A=0x0 IFF1=1 n=16400000
WATCHDOG: PC=0xd65 SP=0xf08a A=0x7f IFF1=1 n=16410000
WATCHDOG: PC=0xd6c SP=0xf090 A=0x0 IFF1=1 n=16420000
WATCHDOG: PC=0xd58 SP=0xf078 A=0xff IFF1=1 n=16430000
WATCHDOG: PC=0xd76 SP=0xf08c A=0x1 IFF1=1 n=16440000
WATCHDOG: PC=0xd85 SP=0xf08c A=0x0 IFF1=1 n=16450000
WATCHDOG: PC=0xb9f SP=0xf08a A=0x0 IFF1=1 n=16460000
WATCHDOG: PC=0xd6c SP=0xf090 A=0x0 IFF1=1 n=16470000
WATCHDOG: PC=0xd7d SP=0xf08c A=0xfe IFF1=1 n=16480000
WATCHDOG: PC=0xd88 SP=0xf092 A=0x0 IFF1=1 n=16490000
WATCHDOG: PC=0xd5b SP=0xf074 A=0x0 IFF1=1 n=16500000
WATCHDOG: PC=0xb9f SP=0xf08a A=0x0 IFF1=1 n=16510000
WATCHDOG: PC=0xd82 SP=0xf08c A=0x7f IFF1=1 n=16520000
WATCHDOG: PC=0xd6a SP=0xf092 A=0x0 IFF1=1 n=16530000
WATCHDOG: PC=0xd88 SP=0xf092 A=0x0 IFF1=1 n=16540000
WATCHDOG: PC=0xd71 SP=0xf08c A=0x0 IFF1=1 n=16550000
WATCHDOG: PC=0xd68 SP=0xf08a A=0xfd IFF1=1 n=16560000
WATCHDOG: PC=0xd43 SP=0xf07a A=0xff IFF1=1 n=16570000
WATCHDOG: PC=0xd6a SP=0xf092 A=0x0 IFF1=1 n=16580000
WATCHDOG: PC=0xd79 SP=0xf08c A=0x1 IFF1=1 n=16590000
WATCHDOG: PC=0xbf2 SP=0xf08a A=0x0 IFF1=1 n=16600000
WATCHDOG: PC=0xd6a SP=0xf092 A=0x0 IFF1=1 n=16610000
WATCHDOG: PC=0xba2 SP=0xf08a A=0x0 IFF1=1 n=16620000
WATCHDOG: PC=0xd65 SP=0xf08a A=0x7f IFF1=1 n=16630000
WATCHDOG: PC=0x1224 SP=0xf078 A=0xff IFF1=0 n=16640000
WATCHDOG: PC=0xd85 SP=0xf08c A=0x0 IFF1=1 n=16650000
WATCHDOG: PC=0xd6a SP=0xf092 A=0x0 IFF1=1 n=16660000
WATCHDOG: PC=0xd7a SP=0xf08c A=0xfe IFF1=1 n=16670000
WATCHDOG: PC=0xd87 SP=0xf090 A=0x0 IFF1=1 n=16680000
WATCHDOG: PC=0xd71 SP=0xf08c A=0x0 IFF1=1 n=16690000
WATCHDOG: PC=0xd69 SP=0xf08a A=0x0 IFF1=1 n=16700000
WATCHDOG: PC=0xc8b SP=0xf074 A=0x1 IFF1=1 n=16710000
WATCHDOG: PC=0xd82 SP=0xf08c A=0x7f IFF1=1 n=16720000
WATCHDOG: PC=0xd7e SP=0xf08c A=0xfe IFF1=1 n=16730000
WATCHDOG: PC=0x10dc SP=0xf094 A=0x0 IFF1=1 n=16740000
WATCHDOG: PC=0x4c64 SP=0xf098 A=0x0 IFF1=1 n=16750000
WATCHDOG: PC=0xd73 SP=0xf08c A=0x0 IFF1=1 n=16760000
WATCHDOG: PC=0xd88 SP=0xf092 A=0x0 IFF1=1 n=16770000
WATCHDOG: PC=0xb9f SP=0xf08a A=0x0 IFF1=1 n=16780000
WATCHDOG: PC=0x10dc SP=0xf094 A=0x0 IFF1=1 n=16790000
WATCHDOG: PC=0xcb3 SP=0xf078 A=0xf1 IFF1=1 n=16800000
WATCHDOG: PC=0xba2 SP=0xf08a A=0x0 IFF1=1 n=16810000
WATCHDOG: PC=0x10d9 SP=0xf094 A=0x0 IFF1=1 n=16820000
WATCHDOG: PC=0xd68 SP=0xf08a A=0x0 IFF1=1 n=16830000
WATCHDOG: PC=0xba4 SP=0xf08a A=0x0 IFF1=1 n=16840000
WATCHDOG: PC=0xd7d SP=0xf08c A=0xfe IFF1=1 n=16850000
WATCHDOG: PC=0xb9f SP=0xf08a A=0x0 IFF1=1 n=16860000
WATCHDOG: PC=0x1112 SP=0xf070 A=0xff IFF1=0 n=16870000
WATCHDOG: PC=0x10dc SP=0xf094 A=0x0 IFF1=1 n=16880000
WATCHDOG: PC=0xd62 SP=0xf08a A=0x7f IFF1=1 n=16890000
WATCHDOG: PC=0xd73 SP=0xf08c A=0x0 IFF1=1 n=16900000
WATCHDOG: PC=0xd79 SP=0xf08c A=0x1 IFF1=1 n=16910000
WATCHDOG: PC=0xd6d SP=0xf08e A=0x0 IFF1=1 n=16920000
WATCHDOG: PC=0xd86 SP=0xf08e A=0x0 IFF1=1 n=16930000
WATCHDOG: PC=0xd87 SP=0xf090 A=0x0 IFF1=1 n=16940000
WATCHDOG: PC=0xd7f SP=0xf08c A=0x7f IFF1=1 n=16950000
WATCHDOG: PC=0xba4 SP=0xf08a A=0x0 IFF1=1 n=16960000
WATCHDOG: PC=0x10d9 SP=0xf094 A=0x0 IFF1=1 n=16970000
WATCHDOG: PC=0xd6a SP=0xf092 A=0x0 IFF1=1 n=16980000
WATCHDOG: PC=0xd68 SP=0xf08a A=0x0 IFF1=1 n=16990000
WATCHDOG: PC=0xd79 SP=0xf08c A=0x1 IFF1=1 n=17000000
WATCHDOG: PC=0xd7a SP=0xf08c A=0xfe IFF1=1 n=17010000
WATCHDOG: PC=0xd6e SP=0xf08c A=0x0 IFF1=1 n=17020000
WATCHDOG: PC=0xd87 SP=0xf090 A=0x0 IFF1=1 n=17030000
WATCHDOG: PC=0xcfd SP=0xf074 A=0x0 IFF1=1 n=17040000
WATCHDOG: PC=0xd82 SP=0xf08c A=0x7f IFF1=1 n=17050000
WATCHDOG: PC=0xd73 SP=0xf08c A=0x0 IFF1=1 n=17060000
WATCHDOG: PC=0xd6b SP=0xf092 A=0x0 IFF1=1 n=17070000
WATCHDOG: PC=0xd6c SP=0xf090 A=0x0 IFF1=1 n=17080000
WATCHDOG: PC=0xd85 SP=0xf08c A=0x0 IFF1=1 n=17090000
WATCHDOG: PC=0xd7d SP=0xf08c A=0xfe IFF1=1 n=17100000
WATCHDOG: PC=0xd1d SP=0xf074 A=0x51 IFF1=1 n=17110000
WATCHDOG: PC=0xba2 SP=0xf08a A=0x0 IFF1=1 n=17120000
WATCHDOG: PC=0x10dc SP=0xf094 A=0x0 IFF1=1 n=17130000
WATCHDOG: PC=0xd62 SP=0xf08a A=0x7f IFF1=1 n=17140000
WATCHDOG: PC=0xd65 SP=0xf08a A=0x7f IFF1=1 n=17150000
WATCHDOG: PC=0xd76 SP=0xf08c A=0x1 IFF1=1 n=17160000
WATCHDOG: PC=0xd6c SP=0xf090 A=0x0 IFF1=1 n=17170000
WATCHDOG: PC=0xc48 SP=0xf076 A=0x0 IFF1=0 n=17180000
WATCHDOG: PC=0xd86 SP=0xf08e A=0x0 IFF1=1 n=17190000
WATCHDOG: PC=0xd71 SP=0xf08c A=0x0 IFF1=1 n=17200000
WATCHDOG: PC=0xd68 SP=0xf08a A=0x0 IFF1=1 n=17210000
WATCHDOG: PC=0xd82 SP=0xf08c A=0x7f IFF1=1 n=17220000
WATCHDOG: PC=0xd6a SP=0xf092 A=0x0 IFF1=1 n=17230000
WATCHDOG: PC=0xd79 SP=0xf08c A=0x1 IFF1=1 n=17240000
WATCHDOG: PC=0xd71 SP=0xf08c A=0x0 IFF1=1 n=17250000
WATCHDOG: PC=0xd68 SP=0xf08a A=0x0 IFF1=1 n=17260000
WATCHDOG: PC=0xd6d SP=0xf08e A=0x0 IFF1=1 n=17270000
WATCHDOG: PC=0xd7e SP=0xf08c A=0xfe IFF1=1 n=17280000
WATCHDOG: PC=0xd79 SP=0xf08c A=0x1 IFF1=1 n=17290000
WATCHDOG: PC=0xd86 SP=0xf08e A=0x0 IFF1=1 n=17300000
WATCHDOG: PC=0xba2 SP=0xf08a A=0x0 IFF1=1 n=17310000
WATCHDOG: PC=0xd6d SP=0xf08e A=0x0 IFF1=1 n=17320000
WATCHDOG: PC=0xd7e SP=0xf08c A=0xfe IFF1=1 n=17330000
WATCHDOG: PC=0x10dc SP=0xf094 A=0x0 IFF1=1 n=17340000
WATCHDOG: PC=0xd56 SP=0xf07a A=0x0 IFF1=1 n=17350000
WATCHDOG: PC=0xba2 SP=0xf08a A=0x0 IFF1=1 n=17360000
WATCHDOG: PC=0xd62 SP=0xf08a A=0x7f IFF1=1 n=17370000
WATCHDOG: PC=0xd6b SP=0xf092 A=0x0 IFF1=1 n=17380000
WATCHDOG: PC=0x10dc SP=0xf094 A=0x0 IFF1=1 n=17390000
WATCHDOG: PC=0xd73 SP=0xf08c A=0x0 IFF1=1 n=17400000
WATCHDOG: PC=0xd69 SP=0xf08a A=0x0 IFF1=1 n=17410000
WATCHDOG: PC=0xd58 SP=0xf074 A=0xff IFF1=1 n=17420000
WATCHDOG: PC=0xd6b SP=0xf092 A=0x0 IFF1=1 n=17430000
WATCHDOG: PC=0xd7a SP=0xf08c A=0xfe IFF1=1 n=17440000
WATCHDOG: PC=0xd87 SP=0xf090 A=0x0 IFF1=1 n=17450000
WATCHDOG: PC=0xd69 SP=0xf08a A=0x0 IFF1=1 n=17460000
WATCHDOG: PC=0xd6e SP=0xf08c A=0x0 IFF1=1 n=17470000
WATCHDOG: PC=0xd7f SP=0xf08c A=0x7f IFF1=1 n=17480000
WATCHDOG: PC=0xd40 SP=0xf078 A=0xff IFF1=1 n=17490000
WATCHDOG: PC=0xd87 SP=0xf090 A=0x0 IFF1=1 n=17500000
WATCHDOG: PC=0xba4 SP=0xf08a A=0x0 IFF1=1 n=17510000
WATCHDOG: PC=0xd65 SP=0xf08a A=0x7f IFF1=1 n=17520000
WATCHDOG: PC=0xd7f SP=0xf08c A=0x7f IFF1=1 n=17530000
WATCHDOG: PC=0x10d9 SP=0xf094 A=0x0 IFF1=1 n=17540000
WATCHDOG: PC=0xd76 SP=0xf08c A=0x1 IFF1=1 n=17550000
WATCHDOG: PC=0xcbb SP=0xf074 A=0x0 IFF1=1 n=17560000
WATCHDOG: PC=0xd65 SP=0xf08a A=0x7f IFF1=1 n=17570000
WATCHDOG: PC=0xd6c SP=0xf090 A=0x0 IFF1=1 n=17580000
WATCHDOG: PC=0xd7d SP=0xf08c A=0xfe IFF1=1 n=17590000
WATCHDOG: PC=0xd76 SP=0xf08c A=0x1 IFF1=1 n=17600000
WATCHDOG: PC=0xd85 SP=0xf08c A=0x0 IFF1=1 n=17610000
WATCHDOG: PC=0xb9f SP=0xf08a A=0x0 IFF1=1 n=17620000
WATCHDOG: PC=0xc48 SP=0xf076 A=0x0 IFF1=0 n=17630000
WATCHDOG: PC=0xd7d SP=0xf08c A=0xfe IFF1=1 n=17640000
WATCHDOG: PC=0xd88 SP=0xf092 A=0x0 IFF1=1 n=17650000
WATCHDOG: PC=0xd71 SP=0xf08c A=0x0 IFF1=1 n=17660000
WATCHDOG: PC=0xb9f SP=0xf08a A=0x0 IFF1=1 n=17670000
WATCHDOG: PC=0xd82 SP=0xf08c A=0x7f IFF1=1 n=17680000
WATCHDOG: PC=0xd6a SP=0xf092 A=0x0 IFF1=1 n=17690000
WATCHDOG: PC=0xd88 SP=0xf092 A=0x0 IFF1=1 n=17700000
WATCHDOG: PC=0xd71 SP=0xf08c A=0x0 IFF1=1 n=17710000
WATCHDOG: PC=0xd68 SP=0xf08a A=0x0 IFF1=1 n=17720000
WATCHDOG: PC=0xd6d SP=0xf08e A=0x0 IFF1=1 n=17730000
WATCHDOG: PC=0xd6a SP=0xf092 A=0x0 IFF1=1 n=17740000
WATCHDOG: PC=0xd79 SP=0xf08c A=0x1 IFF1=1 n=17750000
WATCHDOG: PC=0xd86 SP=0xf08e A=0x0 IFF1=1 n=17760000
WATCHDOG: PC=0xd68 SP=0xf08a A=0x0 IFF1=1 n=17770000
WATCHDOG: PC=0xd6d SP=0xf08e A=0x0 IFF1=1 n=17780000
WATCHDOG: PC=0xd7e SP=0xf08c A=0xfe IFF1=1 n=17790000
WATCHDOG: PC=0xd0b SP=0xf080 A=0x0 IFF1=1 n=17800000
WATCHDOG: PC=0xd86 SP=0xf08e A=0x0 IFF1=1 n=17810000
WATCHDOG: PC=0xba2 SP=0xf08a A=0x0 IFF1=1 n=17820000
WATCHDOG: PC=0xd62 SP=0xf08a A=0x7f IFF1=1 n=17830000
WATCHDOG: PC=0xd7e SP=0xf08c A=0xfe IFF1=1 n=17840000
WATCHDOG: PC=0x10dc SP=0xf094 A=0x0 IFF1=1 n=17850000
WATCHDOG: PC=0xd73 SP=0xf08c A=0x0 IFF1=1 n=17860000
WATCHDOG: PC=0xcfb SP=0xf074 A=0x0 IFF1=1 n=17870000
WATCHDOG: PC=0xd62 SP=0xf08a A=0x7f IFF1=1 n=17880000
WATCHDOG: PC=0xd6b SP=0xf092 A=0x0 IFF1=1 n=17890000
WATCHDOG: PC=0xd68 SP=0xf08a A=0x6 IFF1=1 n=17900000
WATCHDOG: PC=0xd6d SP=0xf08e A=0x0 IFF1=1 n=17910000
WATCHDOG: PC=0xd7f SP=0xf08c A=0x6f IFF1=1 n=17920000
WATCHDOG: PC=0xd73 SP=0xf08c A=0x0 IFF1=1 n=17930000
WATCHDOG: PC=0xc8c SP=0xf076 A=0x2 IFF1=1 n=17940000
WATCHDOG: PC=0xb9f SP=0xf08a A=0x0 IFF1=1 n=17950000
WATCHDOG: PC=0xd62 SP=0xf08a A=0x7f IFF1=1 n=17960000
WATCHDOG: PC=0xd6c SP=0xf090 A=0x0 IFF1=1 n=17970000
WATCHDOG: PC=0xd7d SP=0xf08c A=0xfe IFF1=1 n=17980000
WATCHDOG: PC=0x10dc SP=0xf094 A=0x0 IFF1=1 n=17990000
WATCHDOG: PC=0xd73 SP=0xf08c A=0x0 IFF1=1 n=18000000
WATCHDOG: PC=0x121f SP=0xf072 A=0xcf IFF1=0 n=18010000
WATCHDOG: PC=0xd62 SP=0xf08a A=0x7f IFF1=1 n=18020000
WATCHDOG: PC=0xd6b SP=0xf092 A=0x0 IFF1=1 n=18030000
WATCHDOG: PC=0xd7a SP=0xf08c A=0xfe IFF1=1 n=18040000
WATCHDOG: PC=0xd73 SP=0xf08c A=0x0 IFF1=1 n=18050000
WATCHDOG: PC=0xd69 SP=0xf08a A=0x0 IFF1=1 n=18060000
WATCHDOG: PC=0xd6e SP=0xf08c A=0x0 IFF1=1 n=18070000
WATCHDOG: PC=0xd6b SP=0xf092 A=0x0 IFF1=1 n=18080000
WATCHDOG: PC=0xd7a SP=0xf08c A=0xfe IFF1=1 n=18090000
WATCHDOG: PC=0xd87 SP=0xf090 A=0x0 IFF1=1 n=18100000
WATCHDOG: PC=0xba4 SP=0xf08a A=0x0 IFF1=1 n=18110000
WATCHDOG: PC=0xd6e SP=0xf08c A=0x0 IFF1=1 n=18120000
WATCHDOG: PC=0xd7f SP=0xf08c A=0x7f IFF1=1 n=18130000
WATCHDOG: PC=0x10d9 SP=0xf094 A=0x0 IFF1=1 n=18140000
WATCHDOG: PC=0xd87 SP=0xf090 A=0x0 IFF1=1 n=18150000
WATCHDOG: PC=0xba4 SP=0xf08a A=0x0 IFF1=1 n=18160000
WATCHDOG: PC=0xd65 SP=0xf08a A=0x7f IFF1=1 n=18170000
WATCHDOG: PC=0xd6c SP=0xf090 A=0x0 IFF1=1 n=18180000
WATCHDOG: PC=0x10d9 SP=0xf094 A=0x0 IFF1=1 n=18190000
WATCHDOG: PC=0xd76 SP=0xf08c A=0x1 IFF1=1 n=18200000
WATCHDOG: PC=0xd85 SP=0xf08c A=0x0 IFF1=1 n=18210000
WATCHDOG: PC=0xd65 SP=0xf08a A=0x7f IFF1=1 n=18220000
WATCHDOG: PC=0xd6c SP=0xf090 A=0x0 IFF1=1 n=18230000
WATCHDOG: PC=0xd7d SP=0xf08c A=0xfe IFF1=1 n=18240000
WATCHDOG: PC=0xd5b SP=0xf074 A=0x0 IFF1=1 n=18250000
WATCHDOG: PC=0xd85 SP=0xf08c A=0x0 IFF1=1 n=18260000
WATCHDOG: PC=0xb9f SP=0xf08a A=0x0 IFF1=1 n=18270000
WATCHDOG: PC=0xd82 SP=0xf08c A=0x7f IFF1=1 n=18280000
WATCHDOG: PC=0xd7d SP=0xf08c A=0xfe IFF1=1 n=18290000
WATCHDOG: PC=0xd88 SP=0xf092 A=0x0 IFF1=1 n=18300000
WATCHDOG: PC=0xd6c SP=0xf090 A=0x0 IFF1=1 n=18310000
WATCHDOG: PC=0xd40 SP=0xf074 A=0xff IFF1=1 n=18320000
WATCHDOG: PC=0xd65 SP=0xf08a A=0x7f IFF1=1 n=18330000
WATCHDOG: PC=0xd6d SP=0xf08e A=0x0 IFF1=1 n=18340000
WATCHDOG: PC=0xd7f SP=0xf08c A=0x7f IFF1=1 n=18350000
WATCHDOG: PC=0x10d9 SP=0xf094 A=0x0 IFF1=1 n=18360000
WATCHDOG: PC=0xd79 SP=0xf08c A=0x1 IFF1=1 n=18370000
WATCHDOG: PC=0xd87 SP=0xf090 A=0x0 IFF1=1 n=18380000
WATCHDOG: PC=0xd3d SP=0xf074 A=0x0 IFF1=1 n=18390000
WATCHDOG: PC=0xd68 SP=0xf08a A=0x8 IFF1=1 n=18400000
WATCHDOG: PC=0xd62 SP=0xf08a A=0x7f IFF1=1 n=18410000
WATCHDOG: PC=0xd6b SP=0xf092 A=0x0 IFF1=1 n=18420000
WATCHDOG: PC=0x10dc SP=0xf094 A=0x0 IFF1=1 n=18430000
WATCHDOG: PC=0xd73 SP=0xf08c A=0x0 IFF1=1 n=18440000
WATCHDOG: PC=0xd69 SP=0xf08a A=0x0 IFF1=1 n=18450000
WATCHDOG: PC=0xd1d SP=0xf072 A=0x52 IFF1=1 n=18460000
WATCHDOG: PC=0xd6b SP=0xf092 A=0x0 IFF1=1 n=18470000
WATCHDOG: PC=0xd7a SP=0xf08c A=0xfe IFF1=1 n=18480000
WATCHDOG: PC=0xd87 SP=0xf090 A=0x0 IFF1=1 n=18490000
WATCHDOG: PC=0xd69 SP=0xf08a A=0x0 IFF1=1 n=18500000
WATCHDOG: PC=0xd87 SP=0xf090 A=0x0 IFF1=1 n=18510000
WATCHDOG: PC=0xd71 SP=0xf08c A=0x0 IFF1=1 n=18520000
WATCHDOG: PC=0xd68 SP=0xf08a A=0x9 IFF1=1 n=18530000
WATCHDOG: PC=0xd82 SP=0xf08c A=0x7f IFF1=1 n=18540000
WATCHDOG: PC=0xd6b SP=0xf092 A=0x0 IFF1=1 n=18550000
WATCHDOG: PC=0xd7d SP=0xf08c A=0xfe IFF1=1 n=18560000
WATCHDOG: PC=0xd88 SP=0xf092 A=0x0 IFF1=1 n=18570000
WATCHDOG: PC=0xd73 SP=0xf08c A=0x0 IFF1=1 n=18580000
WATCHDOG: PC=0xd85 SP=0xf08c A=0x0 IFF1=1 n=18590000
WATCHDOG: PC=0x110c SP=0xf072 A=0x8f IFF1=0 n=18600000
WATCHDOG: PC=0xd82 SP=0xf08c A=0x7f IFF1=1 n=18610000
WATCHDOG: PC=0xd6a SP=0xf092 A=0x0 IFF1=1 n=18620000
WATCHDOG: PC=0xd79 SP=0xf08c A=0x1 IFF1=1 n=18630000
WATCHDOG: PC=0xd71 SP=0xf08c A=0x0 IFF1=1 n=18640000
WATCHDOG: PC=0xd68 SP=0xf08a A=0x9 IFF1=1 n=18650000
WATCHDOG: PC=0xd6d SP=0xf08e A=0x0 IFF1=1 n=18660000
WATCHDOG: PC=0xd6a SP=0xf092 A=0x0 IFF1=1 n=18670000
WATCHDOG: PC=0xd79 SP=0xf08c A=0x1 IFF1=1 n=18680000
WATCHDOG: PC=0xd86 SP=0xf08e A=0x0 IFF1=1 n=18690000
WATCHDOG: PC=0xba2 SP=0xf08a A=0x0 IFF1=1 n=18700000
WATCHDOG: PC=0xd6d SP=0xf08e A=0x0 IFF1=1 n=18710000
WATCHDOG: PC=0xd7e SP=0xf08c A=0xfe IFF1=1 n=18720000
WATCHDOG: PC=0xd65 SP=0xf08a A=0x7f IFF1=1 n=18730000
WATCHDOG: PC=0xd6c SP=0xf090 A=0x0 IFF1=1 n=18740000
WATCHDOG: PC=0xd71 SP=0xf08c A=0x0 IFF1=1 n=18750000
WATCHDOG: PC=0xd69 SP=0xf08a A=0x0 IFF1=1 n=18760000
WATCHDOG: PC=0xb9f SP=0xf08a A=0x0 IFF1=1 n=18770000
WATCHDOG: PC=0xd82 SP=0xf08c A=0x7f IFF1=1 n=18780000
WATCHDOG: PC=0xd6b SP=0xf092 A=0x0 IFF1=1 n=18790000
WATCHDOG: PC=0xd7d SP=0xf08c A=0xfe IFF1=1 n=18800000
WATCHDOG: PC=0xd88 SP=0xf092 A=0x0 IFF1=1 n=18810000
WATCHDOG: PC=0xd86 SP=0xf08e A=0x0 IFF1=1 n=18820000
WATCHDOG: PC=0xba2 SP=0xf08a A=0x0 IFF1=1 n=18830000
WATCHDOG: PC=0xd62 SP=0xf08a A=0x7f IFF1=1 n=18840000
WATCHDOG: PC=0xd7e SP=0xf08c A=0xfe IFF1=1 n=18850000
WATCHDOG: PC=0xd68 SP=0xf08a A=0xb IFF1=1 n=18860000
WATCHDOG: PC=0xd6e SP=0xf08c A=0x0 IFF1=1 n=18870000
WATCHDOG: PC=0xd7f SP=0xf08c A=0x7f IFF1=1 n=18880000
WATCHDOG: PC=0xd6a SP=0xf092 A=0x0 IFF1=1 n=18890000
WATCHDOG: PC=0xd7a SP=0xf08c A=0xfe IFF1=1 n=18900000
WATCHDOG: PC=0xd88 SP=0xf092 A=0x0 IFF1=1 n=18910000
WATCHDOG: PC=0xd71 SP=0xf08c A=0x0 IFF1=1 n=18920000
WATCHDOG: PC=0xd82 SP=0xf08c A=0x7f IFF1=1 n=18930000
WATCHDOG: PC=0xd3a SP=0xf072 A=0x0 IFF1=1 n=18940000
WATCHDOG: PC=0xd6a SP=0xf092 A=0x0 IFF1=1 n=18950000
WATCHDOG: PC=0xd7a SP=0xf08c A=0xfe IFF1=1 n=18960000
WATCHDOG: PC=0xd88 SP=0xf092 A=0x0 IFF1=1 n=18970000
WATCHDOG: PC=0xd71 SP=0xf08c A=0x0 IFF1=1 n=18980000
WATCHDOG: PC=0xd69 SP=0xf08a A=0x0 IFF1=1 n=18990000
WATCHDOG: PC=0xb9f SP=0xf08a A=0x0 IFF1=1 n=19000000
WATCHDOG: PC=0xd58 SP=0xf074 A=0xff IFF1=1 n=19010000
WATCHDOG: PC=0xd7e SP=0xf08c A=0xfe IFF1=1 n=19020000
WATCHDOG: PC=0x10dc SP=0xf094 A=0x0 IFF1=1 n=19030000
WATCHDOG: PC=0xd73 SP=0xf08c A=0x0 IFF1=1 n=19040000
WATCHDOG: PC=0xba2 SP=0xf08a A=0x0 IFF1=1 n=19050000
WATCHDOG: PC=0xd62 SP=0xf08a A=0x7f IFF1=1 n=19060000
WATCHDOG: PC=0xd6b SP=0xf092 A=0x0 IFF1=1 n=19070000
WATCHDOG: PC=0xd45 SP=0xf072 A=0xff IFF1=1 n=19080000
WATCHDOG: PC=0xd73 SP=0xf08c A=0x0 IFF1=1 n=19090000
WATCHDOG: PC=0xd69 SP=0xf08a A=0x0 IFF1=1 n=19100000
WATCHDOG: PC=0xd6e SP=0xf08c A=0x0 IFF1=1 n=19110000
WATCHDOG: PC=0xd6b SP=0xf092 A=0x0 IFF1=1 n=19120000
WATCHDOG: PC=0xd7a SP=0xf08c A=0xfe IFF1=1 n=19130000
WATCHDOG: PC=0xd87 SP=0xf090 A=0x0 IFF1=1 n=19140000
WATCHDOG: PC=0xcb1 SP=0xf07c A=0x1 IFF1=1 n=19150000
WATCHDOG: PC=0xd6e SP=0xf08c A=0x0 IFF1=1 n=19160000
WATCHDOG: PC=0xd7f SP=0xf08c A=0x7f IFF1=1 n=19170000
WATCHDOG: PC=0x10d9 SP=0xf094 A=0x0 IFF1=1 n=19180000
WATCHDOG: PC=0xd87 SP=0xf090 A=0x0 IFF1=1 n=19190000
WATCHDOG: PC=0xba4 SP=0xf08a A=0x0 IFF1=1 n=19200000
WATCHDOG: PC=0xd65 SP=0xf08a A=0x7f IFF1=1 n=19210000
WATCHDOG: PC=0xc3f SP=0xf084 A=0x1 IFF1=0 n=19220000
WATCHDOG: PC=0x10d9 SP=0xf094 A=0x0 IFF1=1 n=19230000
WATCHDOG: PC=0xd76 SP=0xf08c A=0x1 IFF1=1 n=19240000
WATCHDOG: PC=0xd85 SP=0xf08c A=0x0 IFF1=1 n=19250000
WATCHDOG: PC=0xd65 SP=0xf08a A=0x7f IFF1=1 n=19260000
WATCHDOG: PC=0xd6c SP=0xf090 A=0x0 IFF1=1 n=19270000
WATCHDOG: PC=0xd7d SP=0xf08c A=0xfe IFF1=1 n=19280000
WATCHDOG: PC=0xd76 SP=0xf08c A=0x1 IFF1=1 n=19290000
WATCHDOG: PC=0xd85 SP=0xf08c A=0x0 IFF1=1 n=19300000
WATCHDOG: PC=0xb9f SP=0xf08a A=0x0 IFF1=1 n=19310000
WATCHDOG: PC=0xd82 SP=0xf08c A=0x7f IFF1=1 n=19320000
WATCHDOG: PC=0xd7d SP=0xf08c A=0xfe IFF1=1 n=19330000
WATCHDOG: PC=0xd88 SP=0xf092 A=0x0 IFF1=1 n=19340000
WATCHDOG: PC=0xd71 SP=0xf08c A=0x0 IFF1=1 n=19350000
WATCHDOG: PC=0xb9f SP=0xf08a A=0x0 IFF1=1 n=19360000
WATCHDOG: PC=0xd82 SP=0xf08c A=0x7f IFF1=1 n=19370000
WATCHDOG: PC=0xd6a SP=0xf092 A=0x0 IFF1=1 n=19380000
WATCHDOG: PC=0xd69 SP=0xf07c A=0x0 IFF1=1 n=19390000
WATCHDOG: PC=0xd71 SP=0xf08c A=0x0 IFF1=1 n=19400000
WATCHDOG: PC=0xd68 SP=0xf08a A=0xc IFF1=1 n=19410000
WATCHDOG: PC=0xd6d SP=0xf08e A=0x0 IFF1=1 n=19420000
WATCHDOG: PC=0xd6a SP=0xf092 A=0x0 IFF1=1 n=19430000
WATCHDOG: PC=0xd79 SP=0xf08c A=0x1 IFF1=1 n=19440000
WATCHDOG: PC=0xd86 SP=0xf08e A=0x0 IFF1=1 n=19450000
WATCHDOG: PC=0xcea SP=0xf076 A=0x0 IFF1=1 n=19460000
WATCHDOG: PC=0xd6d SP=0xf08e A=0x0 IFF1=1 n=19470000
WATCHDOG: PC=0xd7e SP=0xf08c A=0xfe IFF1=1 n=19480000
WATCHDOG: PC=0x10dc SP=0xf094 A=0x0 IFF1=1 n=19490000
WATCHDOG: PC=0xd86 SP=0xf08e A=0x0 IFF1=1 n=19500000
WATCHDOG: PC=0xba2 SP=0xf08a A=0x0 IFF1=1 n=19510000
WATCHDOG: PC=0xd62 SP=0xf08a A=0x7f IFF1=1 n=19520000
WATCHDOG: PC=0xd5f SP=0xf074 A=0x0 IFF1=1 n=19530000
WATCHDOG: PC=0xb9f SP=0xf08a A=0x0 IFF1=1 n=19540000
WATCHDOG: PC=0x10d9 SP=0xf094 A=0x0 IFF1=1 n=19550000
WATCHDOG: PC=0xd79 SP=0xf08c A=0x1 IFF1=1 n=19560000
WATCHDOG: PC=0xd86 SP=0xf08e A=0x0 IFF1=1 n=19570000
WATCHDOG: PC=0xba4 SP=0xf08a A=0x0 IFF1=1 n=19580000
WATCHDOG: PC=0xd68 SP=0xf08a A=0x12 IFF1=1 n=19590000
WATCHDOG: PC=0xd6d SP=0xf08e A=0x0 IFF1=1 n=19600000
WATCHDOG: PC=0xd7f SP=0xf08c A=0x7f IFF1=1 n=19610000
WATCHDOG: PC=0x10d9 SP=0xf094 A=0x0 IFF1=1 n=19620000
WATCHDOG: PC=0xd76 SP=0xf08c A=0x1 IFF1=1 n=19630000
WATCHDOG: PC=0xba4 SP=0xf08a A=0x0 IFF1=1 n=19640000
WATCHDOG: PC=0xd65 SP=0xf08a A=0x7f IFF1=1 n=19650000
WATCHDOG: PC=0xd6c SP=0xf090 A=0x0 IFF1=1 n=19660000
WATCHDOG: PC=0x10d9 SP=0xf094 A=0x0 IFF1=1 n=19670000
WATCHDOG: PC=0xd76 SP=0xf08c A=0x1 IFF1=1 n=19680000
WATCHDOG: PC=0xd85 SP=0xf08c A=0x0 IFF1=1 n=19690000
WATCHDOG: PC=0xb9f SP=0xf08a A=0x0 IFF1=1 n=19700000
WATCHDOG: PC=0xd6c SP=0xf090 A=0x0 IFF1=1 n=19710000
WATCHDOG: PC=0xd7d SP=0xf08c A=0xfe IFF1=1 n=19720000
WATCHDOG: PC=0xd88 SP=0xf092 A=0x0 IFF1=1 n=19730000
WATCHDOG: PC=0xd85 SP=0xf08c A=0x0 IFF1=1 n=19740000
WATCHDOG: PC=0xb9f SP=0xf08a A=0x0 IFF1=1 n=19750000
WATCHDOG: PC=0xd82 SP=0xf08c A=0x7f IFF1=1 n=19760000
WATCHDOG: PC=0xd6a SP=0xf092 A=0x0 IFF1=1 n=19770000
WATCHDOG: PC=0xd88 SP=0xf092 A=0x0 IFF1=1 n=19780000
WATCHDOG: PC=0xd71 SP=0xf08c A=0x0 IFF1=1 n=19790000
WATCHDOG: PC=0xd68 SP=0xf08a A=0x12 IFF1=1 n=19800000
WATCHDOG: PC=0xd82 SP=0xf08c A=0x7f IFF1=1 n=19810000
WATCHDOG: PC=0xd6a SP=0xf092 A=0x0 IFF1=1 n=19820000
WATCHDOG: PC=0xd65 SP=0xf08a A=0x7f IFF1=1 n=19830000
WATCHDOG: PC=0xd60 SP=0xf07c A=0x0 IFF1=1 n=19840000
WATCHDOG: PC=0xd7e SP=0xf08c A=0xfe IFF1=1 n=19850000
WATCHDOG: PC=0xd68 SP=0xf08a A=0x14 IFF1=1 n=19860000
WATCHDOG: PC=0xd6e SP=0xf08c A=0x0 IFF1=1 n=19870000
WATCHDOG: PC=0xd7f SP=0xf08c A=0x7f IFF1=1 n=19880000
WATCHDOG: PC=0xd6a SP=0xf092 A=0x0 IFF1=1 n=19890000
WATCHDOG: PC=0xd7a SP=0xf08c A=0xfe IFF1=1 n=19900000
WATCHDOG: PC=0xd40 SP=0xf074 A=0xff IFF1=1 n=19910000
WATCHDOG: PC=0xd71 SP=0xf08c A=0x0 IFF1=1 n=19920000
WATCHDOG: PC=0xd69 SP=0xf08a A=0x0 IFF1=1 n=19930000
WATCHDOG: PC=0xb9f SP=0xf08a A=0x0 IFF1=1 n=19940000
WATCHDOG: PC=0xd6c SP=0xf090 A=0x0 IFF1=1 n=19950000
WATCHDOG: PC=0xd7d SP=0xf08c A=0xfe IFF1=1 n=19960000
WATCHDOG: PC=0xd88 SP=0xf092 A=0x0 IFF1=1 n=19970000
WATCHDOG: PC=0xd3f SP=0xf074 A=0xff IFF1=1 n=19980000
WATCHDOG: PC=0xb9f SP=0xf08a A=0x0 IFF1=1 n=19990000
WATCHDOG: PC=0xd82 SP=0xf08c A=0x7f IFF1=1 n=20000000
WATCHDOG: PC=0xd6a SP=0xf092 A=0x0 IFF1=1 n=20010000
WATCHDOG: PC=0xd88 SP=0xf092 A=0x0 IFF1=1 n=20020000
WATCHDOG: PC=0xd71 SP=0xf08c A=0x0 IFF1=1 n=20030000
WATCHDOG: PC=0xd68 SP=0xf08a A=0x14 IFF1=1 n=20040000
WATCHDOG: PC=0xcd6 SP=0xf074 A=0x0 IFF1=1 n=20050000
WATCHDOG: PC=0xd6a SP=0xf092 A=0x0 IFF1=1 n=20060000
WATCHDOG: PC=0xd79 SP=0xf08c A=0x1 IFF1=1 n=20070000
WATCHDOG: PC=0xd86 SP=0xf08e A=0x0 IFF1=1 n=20080000
WATCHDOG: PC=0xd68 SP=0xf08a A=0x14 IFF1=1 n=20090000
WATCHDOG: PC=0xd6d SP=0xf08e A=0x0 IFF1=1 n=20100000
WATCHDOG: PC=0xd7e SP=0xf08c A=0xfe IFF1=1 n=20110000
WATCHDOG: PC=0xd6d SP=0xf08e A=0x0 IFF1=1 n=20120000
WATCHDOG: PC=0xd7f SP=0xf08c A=0x7f IFF1=1 n=20130000
WATCHDOG: PC=0xd7a SP=0xf08c A=0xfe IFF1=1 n=20140000
WATCHDOG: PC=0xd88 SP=0xf092 A=0x0 IFF1=1 n=20150000
WATCHDOG: PC=0xd71 SP=0xf08c A=0x0 IFF1=1 n=20160000
WATCHDOG: PC=0xd69 SP=0xf08a A=0x0 IFF1=1 n=20170000
WATCHDOG: PC=0xb9f SP=0xf08a A=0x0 IFF1=1 n=20180000
WATCHDOG: PC=0xd82 SP=0xf08c A=0x7f IFF1=1 n=20190000
WATCHDOG: PC=0xd6b SP=0xf092 A=0x0 IFF1=1 n=20200000
WATCHDOG: PC=0xd7a SP=0xf08c A=0xfe IFF1=1 n=20210000
WATCHDOG: PC=0x1467 SP=0xf090 A=0x0 IFF1=1 n=20220000
WATCHDOG: PC=0xd7d SP=0xf08c A=0xfe IFF1=1 n=20230000
WATCHDOG: PC=0xd68 SP=0xf08a A=0x16 IFF1=1 n=20240000
WATCHDOG: PC=0xd88 SP=0xf092 A=0x0 IFF1=1 n=20250000
WATCHDOG: PC=0xd71 SP=0xf08c A=0x0 IFF1=1 n=20260000
WATCHDOG: PC=0xd69 SP=0xf08a A=0x0 IFF1=1 n=20270000
WATCHDOG: PC=0xb9f SP=0xf08a A=0x0 IFF1=1 n=20280000
WATCHDOG: PC=0xd62 SP=0xf08a A=0x7f IFF1=1 n=20290000
WATCHDOG: PC=0xd6b SP=0xf092 A=0x0 IFF1=1 n=20300000
WATCHDOG: PC=0xd7d SP=0xf08c A=0xfe IFF1=1 n=20310000
WATCHDOG: PC=0x10dc SP=0xf094 A=0x0 IFF1=1 n=20320000
WATCHDOG: PC=0xd73 SP=0xf08c A=0x0 IFF1=1 n=20330000
WATCHDOG: PC=0xd69 SP=0xf08a A=0x0 IFF1=1 n=20340000
WATCHDOG: PC=0xd6e SP=0xf08c A=0x0 IFF1=1 n=20350000
WATCHDOG: PC=0xd7f SP=0xf08c A=0x7f IFF1=1 n=20360000
WATCHDOG: PC=0x4eaa SP=0xf090 A=0x6f IFF1=1 n=20370000
WATCHDOG: PC=0xd6d SP=0xf08e A=0x0 IFF1=1 n=20380000
WATCHDOG: PC=0xd40 SP=0xf074 A=0xff IFF1=1 n=20390000
WATCHDOG: PC=0xd7e SP=0xf08c A=0xfe IFF1=1 n=20400000
WATCHDOG: PC=0x10d9 SP=0xf094 A=0x0 IFF1=1 n=20410000
WATCHDOG: PC=0xd79 SP=0xf08c A=0x1 IFF1=1 n=20420000
WATCHDOG: PC=0xd86 SP=0xf08e A=0x0 IFF1=1 n=20430000
WATCHDOG: PC=0xba4 SP=0xf08a A=0x0 IFF1=1 n=20440000
WATCHDOG: PC=0xd68 SP=0xf08a A=0xf0 IFF1=1 n=20450000
WATCHDOG: PC=0xd57 SP=0xf074 A=0xff IFF1=1 n=20460000
WATCHDOG: PC=0xd6a SP=0xf092 A=0x0 IFF1=1 n=20470000
WATCHDOG: PC=0xd79 SP=0xf08c A=0x1 IFF1=1 n=20480000
WATCHDOG: PC=0xd86 SP=0xf08e A=0x0 IFF1=1 n=20490000
WATCHDOG: PC=0xd68 SP=0xf08a A=0xf0 IFF1=1 n=20500000
WATCHDOG: PC=0xd6d SP=0xf08e A=0x0 IFF1=1 n=20510000
WATCHDOG: PC=0xd7e SP=0xf08c A=0xfe IFF1=1 n=20520000
WATCHDOG: PC=0xd40 SP=0xf076 A=0xff IFF1=1 n=20530000
WATCHDOG: PC=0xd86 SP=0xf08e A=0x0 IFF1=1 n=20540000
WATCHDOG: PC=0xba2 SP=0xf08a A=0x0 IFF1=1 n=20550000
WATCHDOG: PC=0xd62 SP=0xf08a A=0x7f IFF1=1 n=20560000
WATCHDOG: PC=0xd7e SP=0xf08c A=0xfe IFF1=1 n=20570000
WATCHDOG: PC=0x10dc SP=0xf094 A=0x0 IFF1=1 n=20580000
WATCHDOG: PC=0xd73 SP=0xf08c A=0x0 IFF1=1 n=20590000
WATCHDOG: PC=0xcbb SP=0xf074 A=0x0 IFF1=1 n=20600000
WATCHDOG: PC=0xd62 SP=0xf08a A=0x7f IFF1=1 n=20610000
WATCHDOG: PC=0xd6b SP=0xf092 A=0x0 IFF1=1 n=20620000
WATCHDOG: PC=0xd7a SP=0xf08c A=0xfe IFF1=1 n=20630000
WATCHDOG: PC=0xd73 SP=0xf08c A=0x0 IFF1=1 n=20640000
WATCHDOG: PC=0xd69 SP=0xf08a A=0x0 IFF1=1 n=20650000
WATCHDOG: PC=0xd6e SP=0xf08c A=0x0 IFF1=1 n=20660000
WATCHDOG: PC=0xc46 SP=0xf078 A=0x0 IFF1=0 n=20670000
WATCHDOG: PC=0xd7a SP=0xf08c A=0xfe IFF1=1 n=20680000
WATCHDOG: PC=0xd87 SP=0xf090 A=0x0 IFF1=1 n=20690000
WATCHDOG: PC=0xba4 SP=0xf08a A=0x0 IFF1=1 n=20700000
WATCHDOG: PC=0xd6e SP=0xf08c A=0x0 IFF1=1 n=20710000
WATCHDOG: PC=0xd7f SP=0xf08c A=0x7f IFF1=1 n=20720000
WATCHDOG: PC=0x10d9 SP=0xf094 A=0x0 IFF1=1 n=20730000
WATCHDOG: PC=0xd87 SP=0xf090 A=0x0 IFF1=1 n=20740000
WATCHDOG: PC=0xba4 SP=0xf08a A=0x0 IFF1=1 n=20750000
WATCHDOG: PC=0xd65 SP=0xf08a A=0x7f IFF1=1 n=20760000
WATCHDOG: PC=0xd6c SP=0xf090 A=0x0 IFF1=1 n=20770000
WATCHDOG: PC=0x10d9 SP=0xf094 A=0x0 IFF1=1 n=20780000
WATCHDOG: PC=0xd76 SP=0xf08c A=0x1 IFF1=1 n=20790000
WATCHDOG: PC=0xd85 SP=0xf08c A=0x0 IFF1=1 n=20800000
WATCHDOG: PC=0xd65 SP=0xf08a A=0x7f IFF1=1 n=20810000
WATCHDOG: PC=0xd6c SP=0xf090 A=0x0 IFF1=1 n=20820000
WATCHDOG: PC=0xd7d SP=0xf08c A=0xfe IFF1=1 n=20830000
WATCHDOG: PC=0xd0a SP=0xf080 A=0x0 IFF1=1 n=20840000
WATCHDOG: PC=0xd85 SP=0xf08c A=0x0 IFF1=1 n=20850000
WATCHDOG: PC=0xb9f SP=0xf08a A=0x0 IFF1=1 n=20860000
WATCHDOG: PC=0xd82 SP=0xf08c A=0x7f IFF1=1 n=20870000
WATCHDOG: PC=0xd7d SP=0xf08c A=0xfe IFF1=1 n=20880000
WATCHDOG: PC=0xd88 SP=0xf092 A=0x0 IFF1=1 n=20890000
WATCHDOG: PC=0xd71 SP=0xf08c A=0x0 IFF1=1 n=20900000
WATCHDOG: PC=0xcfb SP=0xf076 A=0x0 IFF1=1 n=20910000
WATCHDOG: PC=0xd82 SP=0xf08c A=0x7f IFF1=1 n=20920000
WATCHDOG: PC=0xd6a SP=0xf092 A=0x0 IFF1=1 n=20930000
WATCHDOG: PC=0xd79 SP=0xf08c A=0x1 IFF1=1 n=20940000
WATCHDOG: PC=0xd71 SP=0xf08c A=0x0 IFF1=1 n=20950000
WATCHDOG: PC=0xd68 SP=0xf08a A=0xf0 IFF1=1 n=20960000
WATCHDOG: PC=0xd6d SP=0xf08e A=0x0 IFF1=1 n=20970000
WATCHDOG: PC=0xd43 SP=0xf07c A=0xff IFF1=1 n=20980000
WATCHDOG: PC=0xd79 SP=0xf08c A=0x1 IFF1=1 n=20990000
WATCHDOG: PC=0xd86 SP=0xf08e A=0x0 IFF1=1 n=21000000
WATCHDOG: PC=0xba2 SP=0xf08a A=0x0 IFF1=1 n=21010000
WATCHDOG: PC=0xd6d SP=0xf08e A=0x0 IFF1=1 n=21020000
WATCHDOG: PC=0xd7e SP=0xf08c A=0xfe IFF1=1 n=21030000
WATCHDOG: PC=0x10dc SP=0xf094 A=0x0 IFF1=1 n=21040000
WATCHDOG: PC=0xd1f SP=0xf074 A=0x52 IFF1=1 n=21050000
WATCHDOG: PC=0xba2 SP=0xf08a A=0x0 IFF1=1 n=21060000
WATCHDOG: PC=0xd62 SP=0xf08a A=0x7f IFF1=1 n=21070000
WATCHDOG: PC=0xd6b SP=0xf092 A=0x0 IFF1=1 n=21080000
WATCHDOG: PC=0x10dc SP=0xf094 A=0x0 IFF1=1 n=21090000
WATCHDOG: PC=0xd73 SP=0xf08c A=0x0 IFF1=1 n=21100000
WATCHDOG: PC=0xd69 SP=0xf08a A=0x0 IFF1=1 n=21110000
WATCHDOG: PC=0xc89 SP=0xf072 A=0x1 IFF1=1 n=21120000
WATCHDOG: PC=0xd6b SP=0xf092 A=0x0 IFF1=1 n=21130000
WATCHDOG: PC=0xd7a SP=0xf08c A=0xfe IFF1=1 n=21140000
WATCHDOG: PC=0xd87 SP=0xf090 A=0x0 IFF1=1 n=21150000
WATCHDOG: PC=0xd69 SP=0xf08a A=0x0 IFF1=1 n=21160000
WATCHDOG: PC=0xd6e SP=0xf08c A=0x0 IFF1=1 n=21170000
WATCHDOG: PC=0xd7f SP=0xf08c A=0x7f IFF1=1 n=21180000
WATCHDOG: PC=0xd7a SP=0xf08c A=0xfe IFF1=1 n=21190000
WATCHDOG: PC=0xd87 SP=0xf090 A=0x0 IFF1=1 n=21200000
WATCHDOG: PC=0xba4 SP=0xf08a A=0x0 IFF1=1 n=21210000
WATCHDOG: PC=0xd65 SP=0xf08a A=0x7f IFF1=1 n=21220000
WATCHDOG: PC=0xd7f SP=0xf08c A=0x7f IFF1=1 n=21230000
WATCHDOG: PC=0x10d9 SP=0xf094 A=0x0 IFF1=1 n=21240000
WATCHDOG: PC=0xd76 SP=0xf08c A=0x1 IFF1=1 n=21250000
WATCHDOG: PC=0xba4 SP=0xf08a A=0x0 IFF1=1 n=21260000
WATCHDOG: PC=0xd65 SP=0xf08a A=0x7f IFF1=1 n=21270000
WATCHDOG: PC=0xd6c SP=0xf090 A=0x0 IFF1=1 n=21280000
WATCHDOG: PC=0xd7d SP=0xf08c A=0xfe IFF1=1 n=21290000
WATCHDOG: PC=0xd76 SP=0xf08c A=0x1 IFF1=1 n=21300000
WATCHDOG: PC=0xd85 SP=0xf08c A=0x0 IFF1=1 n=21310000
WATCHDOG: PC=0xb9f SP=0xf08a A=0x0 IFF1=1 n=21320000
WATCHDOG: PC=0xd6c SP=0xf090 A=0x0 IFF1=1 n=21330000
WATCHDOG: PC=0xd7d SP=0xf08c A=0xfe IFF1=1 n=21340000
WATCHDOG: PC=0xd88 SP=0xf092 A=0x0 IFF1=1 n=21350000
WATCHDOG: PC=0xd5f SP=0xf072 A=0x0 IFF1=1 n=21360000
WATCHDOG: PC=0xb9f SP=0xf08a A=0x0 IFF1=1 n=21370000
WATCHDOG: PC=0xd82 SP=0xf08c A=0x7f IFF1=1 n=21380000
WATCHDOG: PC=0xd6a SP=0xf092 A=0x0 IFF1=1 n=21390000
WATCHDOG: PC=0xd88 SP=0xf092 A=0x0 IFF1=1 n=21400000
WATCHDOG: PC=0xd71 SP=0xf08c A=0x0 IFF1=1 n=21410000
WATCHDOG: PC=0xd68 SP=0xf08a A=0xf0 IFF1=1 n=21420000
WATCHDOG: PC=0xd60 SP=0xf074 A=0x0 IFF1=1 n=21430000
WATCHDOG: PC=0xd6a SP=0xf092 A=0x0 IFF1=1 n=21440000
WATCHDOG: PC=0xd79 SP=0xf08c A=0x1 IFF1=1 n=21450000
WATCHDOG: PC=0xd86 SP=0xf08e A=0x0 IFF1=1 n=21460000
WATCHDOG: PC=0xd68 SP=0xf08a A=0xf0 IFF1=1 n=21470000
WATCHDOG: PC=0xd6d SP=0xf08e A=0x0 IFF1=1 n=21480000
WATCHDOG: PC=0xd7e SP=0xf08c A=0xfe IFF1=1 n=21490000
WATCHDOG: PC=0xd23 SP=0xf074 A=0xff IFF1=1 n=21500000
WATCHDOG: PC=0xd86 SP=0xf08e A=0x0 IFF1=1 n=21510000
WATCHDOG: PC=0xba2 SP=0xf08a A=0x0 IFF1=1 n=21520000
WATCHDOG: PC=0xd62 SP=0xf08a A=0x7f IFF1=1 n=21530000
WATCHDOG: PC=0xd7e SP=0xf08c A=0xfe IFF1=1 n=21540000
WATCHDOG: PC=0x10dc SP=0xf094 A=0x0 IFF1=1 n=21550000
WATCHDOG: PC=0xd73 SP=0xf08c A=0x0 IFF1=1 n=21560000
WATCHDOG: PC=0xc9c SP=0xf07e A=0xff IFF1=1 n=21570000
WATCHDOG: PC=0xd62 SP=0xf08a A=0x7f IFF1=1 n=21580000
WATCHDOG: PC=0xd6b SP=0xf092 A=0x0 IFF1=1 n=21590000
WATCHDOG: PC=0xd7a SP=0xf08c A=0xfe IFF1=1 n=21600000
WATCHDOG: PC=0xd73 SP=0xf08c A=0x0 IFF1=1 n=21610000
WATCHDOG: PC=0xd69 SP=0xf08a A=0x0 IFF1=1 n=21620000
WATCHDOG: PC=0xd6e SP=0xf08c A=0x0 IFF1=1 n=21630000
WATCHDOG: PC=0xd6b SP=0xf092 A=0x0 IFF1=1 n=21640000
WATCHDOG: PC=0xd7a SP=0xf08c A=0xfe IFF1=1 n=21650000
WATCHDOG: PC=0xd87 SP=0xf090 A=0x0 IFF1=1 n=21660000
WATCHDOG: PC=0xba4 SP=0xf08a A=0x0 IFF1=1 n=21670000
WATCHDOG: PC=0xd6e SP=0xf08c A=0x0 IFF1=1 n=21680000
WATCHDOG: PC=0xd7f SP=0xf08c A=0x7f IFF1=1 n=21690000
WATCHDOG: PC=0x10d9 SP=0xf094 A=0x0 IFF1=1 n=21700000
WATCHDOG: PC=0xd87 SP=0xf090 A=0x0 IFF1=1 n=21710000
WATCHDOG: PC=0xba4 SP=0xf08a A=0x0 IFF1=1 n=21720000
WATCHDOG: PC=0xd65 SP=0xf08a A=0x7f IFF1=1 n=21730000
WATCHDOG: PC=0xd6c SP=0xf090 A=0x0 IFF1=1 n=21740000
WATCHDOG: PC=0x10d9 SP=0xf094 A=0x0 IFF1=1 n=21750000
WATCHDOG: PC=0xd76 SP=0xf08c A=0x1 IFF1=1 n=21760000
WATCHDOG: PC=0xd85 SP=0xf08c A=0x0 IFF1=1 n=21770000
WATCHDOG: PC=0xd65 SP=0xf08a A=0x7f IFF1=1 n=21780000
WATCHDOG: PC=0xd6c SP=0xf090 A=0x0 IFF1=1 n=21790000
WATCHDOG: PC=0xd7d SP=0xf08c A=0xfe IFF1=1 n=21800000
WATCHDOG: PC=0xd60 SP=0xf07c A=0x0 IFF1=1 n=21810000
WATCHDOG: PC=0xd85 SP=0xf08c A=0x0 IFF1=1 n=21820000
WATCHDOG: PC=0xb9f SP=0xf08a A=0x0 IFF1=1 n=21830000
WATCHDOG: PC=0xd82 SP=0xf08c A=0x7f IFF1=1 n=21840000
WATCHDOG: PC=0xd7d SP=0xf08c A=0xfe IFF1=1 n=21850000
WATCHDOG: PC=0xd88 SP=0xf092 A=0x0 IFF1=1 n=21860000
WATCHDOG: PC=0xd71 SP=0xf08c A=0x0 IFF1=1 n=21870000
WATCHDOG: PC=0xd58 SP=0xf074 A=0xff IFF1=1 n=21880000
WATCHDOG: PC=0xd82 SP=0xf08c A=0x7f IFF1=1 n=21890000
WATCHDOG: PC=0xd6a SP=0xf092 A=0x0 IFF1=1 n=21900000
WATCHDOG: PC=0xd79 SP=0xf08c A=0x1 IFF1=1 n=21910000
WATCHDOG: PC=0xd71 SP=0xf08c A=0x0 IFF1=1 n=21920000
WATCHDOG: PC=0xd68 SP=0xf08a A=0xf0 IFF1=1 n=21930000
WATCHDOG: PC=0xd6d SP=0xf08e A=0x0 IFF1=1 n=21940000
WATCHDOG: PC=0xd45 SP=0xf072 A=0xff IFF1=1 n=21950000
WATCHDOG: PC=0xd79 SP=0xf08c A=0x1 IFF1=1 n=21960000
WATCHDOG: PC=0xd86 SP=0xf08e A=0x0 IFF1=1 n=21970000
WATCHDOG: PC=0xba2 SP=0xf08a A=0x0 IFF1=1 n=21980000
WATCHDOG: PC=0xd6d SP=0xf08e A=0x0 IFF1=1 n=21990000
WATCHDOG: PC=0xd7e SP=0xf08c A=0xfe IFF1=1 n=22000000
WATCHDOG: PC=0x10dc SP=0xf094 A=0x0 IFF1=1 n=22010000
WATCHDOG: PC=0xcb0 SP=0xf076 A=0x1 IFF1=1 n=22020000
WATCHDOG: PC=0xba2 SP=0xf08a A=0x0 IFF1=1 n=22030000
WATCHDOG: PC=0xd62 SP=0xf08a A=0x7f IFF1=1 n=22040000
WATCHDOG: PC=0xd6b SP=0xf092 A=0x0 IFF1=1 n=22050000
WATCHDOG: PC=0x10dc SP=0xf094 A=0x0 IFF1=1 n=22060000
WATCHDOG: PC=0xd73 SP=0xf08c A=0x0 IFF1=1 n=22070000
WATCHDOG: PC=0xd69 SP=0xf08a A=0x0 IFF1=1 n=22080000
WATCHDOG: PC=0xc3e SP=0xf086 A=0xfe IFF1=0 n=22090000
WATCHDOG: PC=0xd6b SP=0xf092 A=0x0 IFF1=1 n=22100000
WATCHDOG: PC=0xd7a SP=0xf08c A=0xfe IFF1=1 n=22110000
WATCHDOG: PC=0xd87 SP=0xf090 A=0x0 IFF1=1 n=22120000
WATCHDOG: PC=0xd69 SP=0xf08a A=0x0 IFF1=1 n=22130000
WATCHDOG: PC=0xd6e SP=0xf08c A=0x0 IFF1=1 n=22140000
WATCHDOG: PC=0xd7f SP=0xf08c A=0x7f IFF1=1 n=22150000
WATCHDOG: PC=0xd7a SP=0xf08c A=0xfe IFF1=1 n=22160000
WATCHDOG: PC=0xd87 SP=0xf090 A=0x0 IFF1=1 n=22170000
WATCHDOG: PC=0xba4 SP=0xf08a A=0x0 IFF1=1 n=22180000
WATCHDOG: PC=0xd65 SP=0xf08a A=0x7f IFF1=1 n=22190000
WATCHDOG: PC=0xd7f SP=0xf08c A=0x7f IFF1=1 n=22200000
WATCHDOG: PC=0x10d9 SP=0xf094 A=0x0 IFF1=1 n=22210000
WATCHDOG: PC=0xd76 SP=0xf08c A=0x1 IFF1=1 n=22220000
WATCHDOG: PC=0xba4 SP=0xf08a A=0x0 IFF1=1 n=22230000
WATCHDOG: PC=0xd65 SP=0xf08a A=0x7f IFF1=1 n=22240000
WATCHDOG: PC=0xd6c SP=0xf090 A=0x0 IFF1=1 n=22250000
WATCHDOG: PC=0xd68 SP=0xf078 A=0xf0 IFF1=1 n=22260000
WATCHDOG: PC=0xd76 SP=0xf08c A=0x1 IFF1=1 n=22270000
WATCHDOG: PC=0xd85 SP=0xf08c A=0x0 IFF1=1 n=22280000
WATCHDOG: PC=0xb9f SP=0xf08a A=0x0 IFF1=1 n=22290000
WATCHDOG: PC=0xd6c SP=0xf090 A=0x0 IFF1=1 n=22300000
WATCHDOG: PC=0xd7d SP=0xf08c A=0xfe IFF1=1 n=22310000
WATCHDOG: PC=0xd88 SP=0xf092 A=0x0 IFF1=1 n=22320000
WATCHDOG: PC=0xcea SP=0xf076 A=0x0 IFF1=1 n=22330000
WATCHDOG: PC=0xb9f SP=0xf08a A=0x0 IFF1=1 n=22340000
WATCHDOG: PC=0xd82 SP=0xf08c A=0x7f IFF1=1 n=22350000
WATCHDOG: PC=0xd6a SP=0xf092 A=0x0 IFF1=1 n=22360000
WATCHDOG: PC=0xd88 SP=0xf092 A=0x0 IFF1=1 n=22370000
WATCHDOG: PC=0xd71 SP=0xf08c A=0x0 IFF1=1 n=22380000
WATCHDOG: PC=0xd68 SP=0xf08a A=0xf0 IFF1=1 n=22390000
WATCHDOG: PC=0xd40 SP=0xf07a A=0xff IFF1=1 n=22400000
WATCHDOG: PC=0xd6a SP=0xf092 A=0x0 IFF1=1 n=22410000
WATCHDOG: PC=0xd79 SP=0xf08c A=0x1 IFF1=1 n=22420000
WATCHDOG: PC=0xd86 SP=0xf08e A=0x0 IFF1=1 n=22430000
WATCHDOG: PC=0xd68 SP=0xf08a A=0xf0 IFF1=1 n=22440000
WATCHDOG: PC=0xd6d SP=0xf08e A=0x0 IFF1=1 n=22450000
WATCHDOG: PC=0xd7e SP=0xf08c A=0xfe IFF1=1 n=22460000
WATCHDOG: PC=0xd1f SP=0xf072 A=0x51 IFF1=1 n=22470000
WATCHDOG: PC=0xd86 SP=0xf08e A=0x0 IFF1=1 n=22480000
WATCHDOG: PC=0xba2 SP=0xf08a A=0x0 IFF1=1 n=22490000
WATCHDOG: PC=0xd62 SP=0xf08a A=0x7f IFF1=1 n=22500000
WATCHDOG: PC=0xd7e SP=0xf08c A=0xfe IFF1=1 n=22510000
WATCHDOG: PC=0x10dc SP=0xf094 A=0x0 IFF1=1 n=22520000
WATCHDOG: PC=0xd73 SP=0xf08c A=0x0 IFF1=1 n=22530000
WATCHDOG: PC=0xc8a SP=0xf072 A=0x0 IFF1=1 n=22540000
WATCHDOG: PC=0xd62 SP=0xf08a A=0x7f IFF1=1 n=22550000
WATCHDOG: PC=0xd6b SP=0xf092 A=0x0 IFF1=1 n=22560000
WATCHDOG: PC=0xd7a SP=0xf08c A=0xfe IFF1=1 n=22570000
WATCHDOG: PC=0xd73 SP=0xf08c A=0x0 IFF1=1 n=22580000
WATCHDOG: PC=0xd69 SP=0xf08a A=0x0 IFF1=1 n=22590000
WATCHDOG: PC=0xd6e SP=0xf08c A=0x0 IFF1=1 n=22600000
WATCHDOG: PC=0xd6b SP=0xf092 A=0x0 IFF1=1 n=22610000
WATCHDOG: PC=0xd7a SP=0xf08c A=0xfe IFF1=1 n=22620000
WATCHDOG: PC=0xd87 SP=0xf090 A=0x0 IFF1=1 n=22630000
WATCHDOG: PC=0xba4 SP=0xf08a A=0x0 IFF1=1 n=22640000
WATCHDOG: PC=0xd6e SP=0xf08c A=0x0 IFF1=1 n=22650000
WATCHDOG: PC=0xd7f SP=0xf08c A=0x7f IFF1=1 n=22660000
WATCHDOG: PC=0x10d9 SP=0xf094 A=0x0 IFF1=1 n=22670000
WATCHDOG: PC=0xd87 SP=0xf090 A=0x0 IFF1=1 n=22680000
WATCHDOG: PC=0xba4 SP=0xf08a A=0x0 IFF1=1 n=22690000
WATCHDOG: PC=0xd65 SP=0xf08a A=0x7f IFF1=1 n=22700000
WATCHDOG: PC=0xd6c SP=0xf090 A=0x0 IFF1=1 n=22710000
WATCHDOG: PC=0x10d9 SP=0xf094 A=0x0 IFF1=1 n=22720000
WATCHDOG: PC=0xd76 SP=0xf08c A=0x1 IFF1=1 n=22730000
WATCHDOG: PC=0xd85 SP=0xf08c A=0x0 IFF1=1 n=22740000
WATCHDOG: PC=0xd65 SP=0xf08a A=0x7f IFF1=1 n=22750000
WATCHDOG: PC=0xd6c SP=0xf090 A=0x0 IFF1=1 n=22760000
WATCHDOG: PC=0xd7d SP=0xf08c A=0xfe IFF1=1 n=22770000
WATCHDOG: PC=0xd5f SP=0xf072 A=0x0 IFF1=1 n=22780000
WATCHDOG: PC=0xd85 SP=0xf08c A=0x0 IFF1=1 n=22790000
WATCHDOG: PC=0xb9f SP=0xf08a A=0x0 IFF1=1 n=22800000
WATCHDOG: PC=0xd82 SP=0xf08c A=0x7f IFF1=1 n=22810000
WATCHDOG: PC=0xd7d SP=0xf08c A=0xfe IFF1=1 n=22820000
WATCHDOG: PC=0xd88 SP=0xf092 A=0x0 IFF1=1 n=22830000
WATCHDOG: PC=0xd71 SP=0xf08c A=0x0 IFF1=1 n=22840000
WATCHDOG: PC=0xd57 SP=0xf07a A=0xff IFF1=1 n=22850000
WATCHDOG: PC=0xd82 SP=0xf08c A=0x7f IFF1=1 n=22860000
WATCHDOG: PC=0xd6a SP=0xf092 A=0x0 IFF1=1 n=22870000
WATCHDOG: PC=0xd79 SP=0xf08c A=0x1 IFF1=1 n=22880000
WATCHDOG: PC=0xd71 SP=0xf08c A=0x0 IFF1=1 n=22890000
WATCHDOG: PC=0xd68 SP=0xf08a A=0xf0 IFF1=1 n=22900000
WATCHDOG: PC=0xd6d SP=0xf08e A=0x0 IFF1=1 n=22910000
WATCHDOG: PC=0xd23 SP=0xf074 A=0xff IFF1=1 n=22920000
WATCHDOG: PC=0xd79 SP=0xf08c A=0x1 IFF1=1 n=22930000
WATCHDOG: PC=0xd86 SP=0xf08e A=0x0 IFF1=1 n=22940000
WATCHDOG: PC=0xba2 SP=0xf08a A=0x0 IFF1=1 n=22950000
WATCHDOG: PC=0xd6d SP=0xf08e A=0x0 IFF1=1 n=22960000
WATCHDOG: PC=0xd7e SP=0xf08c A=0xfe IFF1=1 n=22970000
WATCHDOG: PC=0x10dc SP=0xf094 A=0x0 IFF1=1 n=22980000
WATCHDOG: PC=0x121f SP=0xf078 A=0x8f IFF1=0 n=22990000
WATCHDOG: PC=0xba2 SP=0xf08a A=0x0 IFF1=1 n=23000000
WATCHDOG: PC=0xd62 SP=0xf08a A=0x7f IFF1=1 n=23010000
WATCHDOG: PC=0xd6b SP=0xf092 A=0x0 IFF1=1 n=23020000
WATCHDOG: PC=0x10dc SP=0xf094 A=0x0 IFF1=1 n=23030000
WATCHDOG: PC=0xd73 SP=0xf08c A=0x0 IFF1=1 n=23040000
WATCHDOG: PC=0xd69 SP=0xf08a A=0x0 IFF1=1 n=23050000
WATCHDOG: PC=0xd62 SP=0xf08a A=0x7f IFF1=1 n=23060000
WATCHDOG: PC=0xd6b SP=0xf092 A=0x0 IFF1=1 n=23070000
WATCHDOG: PC=0xd7a SP=0xf08c A=0xfe IFF1=1 n=23080000
WATCHDOG: PC=0xd87 SP=0xf090 A=0x0 IFF1=1 n=23090000
WATCHDOG: PC=0xd69 SP=0xf08a A=0x0 IFF1=1 n=23100000
WATCHDOG: PC=0xd6e SP=0xf08c A=0x0 IFF1=1 n=23110000
WATCHDOG: PC=0xd7f SP=0xf08c A=0x7f IFF1=1 n=23120000
WATCHDOG: PC=0xd7a SP=0xf08c A=0xfe IFF1=1 n=23130000
WATCHDOG: PC=0xd87 SP=0xf090 A=0x0 IFF1=1 n=23140000
WATCHDOG: PC=0xba4 SP=0xf08a A=0x0 IFF1=1 n=23150000
WATCHDOG: PC=0xd65 SP=0xf08a A=0x7f IFF1=1 n=23160000
WATCHDOG: PC=0xd7f SP=0xf08c A=0x7f IFF1=1 n=23170000
WATCHDOG: PC=0x10d9 SP=0xf094 A=0x0 IFF1=1 n=23180000
WATCHDOG: PC=0xd76 SP=0xf08c A=0x1 IFF1=1 n=23190000
WATCHDOG: PC=0xba4 SP=0xf08a A=0x0 IFF1=1 n=23200000
WATCHDOG: PC=0xd65 SP=0xf08a A=0x7f IFF1=1 n=23210000
WATCHDOG: PC=0xd6c SP=0xf090 A=0x0 IFF1=1 n=23220000
WATCHDOG: PC=0xd56 SP=0xf076 A=0x0 IFF1=1 n=23230000
WATCHDOG: PC=0xd76 SP=0xf08c A=0x1 IFF1=1 n=23240000
WATCHDOG: PC=0xd85 SP=0xf08c A=0x0 IFF1=1 n=23250000
WATCHDOG: PC=0xb9f SP=0xf08a A=0x0 IFF1=1 n=23260000
WATCHDOG: PC=0xd6c SP=0xf090 A=0x0 IFF1=1 n=23270000
WATCHDOG: PC=0xd7d SP=0xf08c A=0xfe IFF1=1 n=23280000
WATCHDOG: PC=0xd88 SP=0xf092 A=0x0 IFF1=1 n=23290000
WATCHDOG: PC=0xd59 SP=0xf072 A=0x0 IFF1=1 n=23300000
WATCHDOG: PC=0xb9f SP=0xf08a A=0x0 IFF1=1 n=23310000
WATCHDOG: PC=0xd82 SP=0xf08c A=0x7f IFF1=1 n=23320000
WATCHDOG: PC=0xd6a SP=0xf092 A=0x0 IFF1=1 n=23330000
WATCHDOG: PC=0xd88 SP=0xf092 A=0x0 IFF1=1 n=23340000
WATCHDOG: PC=0xd71 SP=0xf08c A=0x0 IFF1=1 n=23350000
WATCHDOG: PC=0xd68 SP=0xf08a A=0xf0 IFF1=1 n=23360000
WATCHDOG: PC=0xd41 SP=0xf072 A=0x0 IFF1=1 n=23370000
WATCHDOG: PC=0xd6a SP=0xf092 A=0x0 IFF1=1 n=23380000
WATCHDOG: PC=0xd79 SP=0xf08c A=0x1 IFF1=1 n=23390000
WATCHDOG: PC=0xd86 SP=0xf08e A=0x0 IFF1=1 n=23400000
WATCHDOG: PC=0xd68 SP=0xf08a A=0xf0 IFF1=1 n=23410000
WATCHDOG: PC=0xd6d SP=0xf08e A=0x0 IFF1=1 n=23420000
WATCHDOG: PC=0xd7e SP=0xf08c A=0xfe IFF1=1 n=23430000
WATCHDOG: PC=0x1227 SP=0xf078 A=0xf0 IFF1=0 n=23440000
WATCHDOG: PC=0xd86 SP=0xf08e A=0x0 IFF1=1 n=23450000
WATCHDOG: PC=0xba2 SP=0xf08a A=0x0 IFF1=1 n=23460000
WATCHDOG: PC=0xd62 SP=0xf08a A=0x7f IFF1=1 n=23470000
WATCHDOG: PC=0xd7e SP=0xf08c A=0xfe IFF1=1 n=23480000
WATCHDOG: PC=0x10dc SP=0xf094 A=0x0 IFF1=1 n=23490000
WATCHDOG: PC=0xd73 SP=0xf08c A=0x0 IFF1=1 n=23500000
WATCHDOG: PC=0xba2 SP=0xf08a A=0x0 IFF1=1 n=23510000
WATCHDOG: PC=0xd62 SP=0xf08a A=0x7f IFF1=1 n=23520000
WATCHDOG: PC=0xd6b SP=0xf092 A=0x0 IFF1=1 n=23530000
WATCHDOG: PC=0xd7a SP=0xf08c A=0xfe IFF1=1 n=23540000
WATCHDOG: PC=0xd73 SP=0xf08c A=0x0 IFF1=1 n=23550000
